Date,Open,High,Low,Close,Volume
2023-01-17 00:00:00-05:00,91.36963007309137,91.5582076664508,89.37470872387392,90.60540771484375,32602400
2023-01-18 00:00:00-05:00,91.44903122894499,92.10408544977494,89.96027989671057,90.43668365478516,29116700
2023-01-19 00:00:00-05:00,90.03970441868259,92.90803210070135,89.95037537875952,92.35223388671875,37000400
2023-01-20 00:00:00-05:00,94.38683418356587,97.56284161050858,94.3074322941516,97.2849349975586,63191100
2023-01-23 00:00:00-05:00,97.21546604814961,99.28979699304459,96.76884364481533,99.04167175292969,40005100
2023-01-24 00:00:00-05:00,97.36434811206689,98.86302676577444,96.47109568362592,96.96734619140625,33078500
2023-01-25 00:00:00-05:00,94.85331712238681,95.43889663050726,93.05689279504284,94.50594329833984,42330000
2023-01-26 00:00:00-05:00,95.77634102925325,96.83831673570589,94.66473724676266,96.78868865966797,30114000
2023-01-27 00:00:00-05:00,96.58026736816271,99.5676974204637,96.58026736816271,98.62482452392578,33879800
2023-01-30 00:00:00-05:00,96.74900229918671,97.55292569844815,95.67709938538358,96.21305084228516,27226200
2023-01-31 00:00:00-05:00,96.1435649864473,98.13848634508432,96.09393691253494,98.09878540039062,29870700
2023-02-01 00:00:00-05:00,97.96976188272887,100.4311674201682,96.84823860370668,99.67686462402344,35531100
2023-02-02 00:00:00-05:00,105.00660587554181,107.04122832500863,104.81802826774744,106.93205261230469,69883800
2023-02-03 00:00:00-05:00,102.15811471453551,107.00151622763376,101.81074092493904,103.9942398071289,65309300
2023-02-06 00:00:00-05:00,101.63210642135294,103.57740752067507,101.11600164820065,102.12835693359375,31999600
2023-02-07 00:00:00-05:00,102.44594943032921,107.36875324134532,102.34670084961068,106.83280181884766,49010200
2023-02-08 00:00:00-05:00,101.28472743744483,102.36654986458451,97.3047964110275,98.62482452392578,94743500
2023-02-09 00:00:00-05:00,99.25010144018972,99.27987525907268,92.92786725246418,94.29752349853516,119455000
2023-02-10 00:00:00-05:00,94.73420738768355,96.02446157990344,93.54320934269664,93.86080932617188,54980700
2023-02-13 00:00:00-05:00,94.02953508899373,94.48608460376701,93.13628274609768,93.9005126953125,50076100
2023-02-14 00:00:00-05:00,93.72186834498302,94.13871694148641,91.56814302420062,93.9699935913086,54726100
2023-02-15 00:00:00-05:00,93.78141881159203,96.39170132791901,93.44397210105132,96.21305084228516,50169000
2023-02-16 00:00:00-05:00,94.65481268808418,96.94748732289182,94.02953228064146,94.79376220703125,42462600
2023-02-17 00:00:00-05:00,94.13870649225572,94.84338120494091,92.51100566280641,93.6424560546875,34284100
2023-02-21 00:00:00-05:00,92.3025791741885,92.40182774488592,91.03217929602812,91.10165405273438,33629300
2023-02-22 00:00:00-05:00,91.012320386859,91.41924934975466,89.93049814884304,90.96269989013672,30884000
2023-02-23 00:00:00-05:00,91.23067923772057,91.2505334957778,89.08688127056686,90.20840454101562,41206400
2023-02-24 00:00:00-05:00,88.76928168111633,89.21590405101533,87.91573031324553,88.46160125732422,36585100
2023-02-27 00:00:00-05:00,89.1960678100586,89.48389400941119,88.67003591816348,89.1960678100586,27502300
2023-02-28 00:00:00-05:00,88.6601068820352,90.54586009940378,88.65017975286173,89.38462829589844,30142000
2023-03-01 00:00:00-05:00,89.30524826014633,90.34736982458105,88.99756778401425,89.6823959350586,31111200
2023-03-02 00:00:00-05:00,88.98763304410512,91.58798051837316,88.91815071281441,91.3100814819336,32204400
2023-03-03 00:00:00-05:00,91.78649146163595,93.02711765283779,91.75671007241478,92.94771575927734,35160100
2023-03-06 00:00:00-05:00,93.31493408001563,95.25031543626798,93.29508739318105,94.41661071777344,32639300
2023-03-07 00:00:00-05:00,94.26773929878661,94.95255977422711,92.8286084430734,93.15613555908203,27835500
2023-03-08 00:00:00-05:00,93.41419049538177,95.24038857658361,93.29508765749337,93.543212890625,34103300
2023-03-09 00:00:00-05:00,93.34471548738784,94.81361262324073,91.21083697363413,91.627685546875,28813500
2023-03-10 00:00:00-05:00,91.4788000941082,92.09415333745333,89.72207694888773,89.95034790039062,35941000
2023-03-13 00:00:00-04:00,89.41441019573425,91.87581597281934,88.74943635242563,90.42676544189453,37335600
2023-03-14 00:00:00-04:00,91.86588978493322,93.65239460696121,91.7467945115858,93.26531982421875,36050200
2023-03-15 00:00:00-04:00,92.52093982631897,96.20311744437676,91.94528745764846,95.38926696777344,50622100
2023-03-16 00:00:00-04:00,95.47859626843504,100.43118187106681,94.78384857477023,99.56770324707031,65492000
2023-03-17 00:00:00-04:00,99.50813889103078,102.06878536905513,99.34933511791077,100.85794067382812,61028500
2023-03-20 00:00:00-04:00,99.36920316966915,100.98697707895346,99.12107791886092,100.46095275878906,32960400
2023-03-21 00:00:00-04:00,100.49071007398594,104.3118367944619,100.4609362603277,104.13318634033203,42110300
2023-03-22 00:00:00-04:00,103.48806284447173,105.79066457024909,102.55511717159571,102.59481811523438,43427400
2023-03-23 00:00:00-04:00,104.27214642263456,105.50285304125943,103.67664737256062,104.80809783935547,40797800
2023-03-24 00:00:00-04:00,104.20267726028,104.69892775737729,103.06129960251988,104.64930725097656,30393300
2023-03-27 00:00:00-04:00,103.83545616080272,103.97440569344221,101.16562607817814,101.691650390625,31120900
2023-03-28 00:00:00-04:00,101.67179161770622,101.68171117444312,98.99203472350514,100.2723617553711,32057900
2023-03-29 00:00:00-04:00,101.5129944157898,101.7214187034689,99.89522061779614,100.62966918945312,28779600
2023-03-30 00:00:00-04:00,100.15326184968737,100.40138705584889,99.0317310716418,100.13340759277344,33086200
2023-03-31 00:00:00-04:00,100.5403405183242,103.11091412057462,100.28228817356023,102.95211791992188,36863400
2023-04-03 00:00:00-04:00,101.62217211579193,103.74612355244493,101.16562258542722,103.57740020751953,25035400
2023-04-04 00:00:00-04:00,103.54761764904539,104.78824373731965,103.25979148790408,103.9346923828125,24420100
2023-04-05 00:00:00-04:00,104.98675840709654,105.30435843582173,102.88266105636043,103.68658447265625,28290500
2023-04-06 00:00:00-04:00,104.4706498559581,108.35132454892715,103.54762368954962,107.60694885253906,48711500
2023-04-10 00:00:00-04:00,106.17775133008297,106.78316992246287,104.33169902046775,105.64179992675781,27067400
2023-04-11 00:00:00-04:00,105.75098036627539,105.92963084204611,103.89500084422305,104.55997467041016,26311800
2023-04-12 00:00:00-04:00,105.78074743753035,105.94947077272556,103.5575399759029,103.85529327392578,24370300
2023-04-13 00:00:00-04:00,105.04627895264369,106.68390675457997,105.04627895264369,106.62435913085938,24843600
2023-04-14 00:00:00-04:00,106.08842602348172,108.12305600146057,106.03879794707,108.05358123779297,26578000
2023-04-17 00:00:00-04:00,103.87515724199652,105.3639087269098,103.73620013699751,105.17533111572266,37571200
2023-04-18 00:00:00-04:00,105.69142146275153,105.74104953791142,103.28957103976354,103.71634674072266,26596400
2023-04-19 00:00:00-04:00,102.8032512436726,104.19275410196762,102.29707363391327,103.39875030517578,20905700
2023-04-20 00:00:00-04:00,103.13077864388401,105.45322726139375,103.09107769672384,104.50042724609375,27820800
2023-04-21 00:00:00-04:00,104.67908499230083,105.20510932738867,103.99425685754319,104.61953735351562,25800100
2023-04-24 00:00:00-04:00,104.69892730879049,105.83037783155005,103.91485061807437,105.17533111572266,23542800
2023-04-25 00:00:00-04:00,105.03636780258014,105.88991914772265,103.06128563974681,103.07121276855469,46664100
2023-04-26 00:00:00-04:00,104.13318368334002,105.55246015155271,101.86035590852781,102.93225860595703,53347600
2023-04-27 00:00:00-04:00,103.6667202584599,107.55732970203324,102.76354833968519,106.78317260742188,50089200
2023-04-28 00:00:00-04:00,106.23730369371071,106.54497656828984,104.3019222779164,106.53504943847656,36139800
2023-05-01 00:00:00-04:00,106.03879433997653,107.18017190898796,106.01894765339576,106.3960952758789,26681700
2023-05-02 00:00:00-04:00,106.3365485246071,106.39609615702363,102.93227004814128,104.53019714355469,30997200
2023-05-03 00:00:00-04:00,104.73863263108603,106.68393374394951,104.17290734608075,104.61953735351562,21795400
2023-05-04 00:00:00-04:00,104.69892635616654,104.80810206984134,103.1903281969406,103.9049301147461,23419500
2023-05-05 00:00:00-04:00,104.03395220841355,105.08600082196858,103.32927742271336,104.77832794189453,26639300
2023-05-08 00:00:00-04:00,104.3912487209223,107.15040011064862,104.37140203396783,106.96182250976562,26511400
2023-05-09 00:00:00-04:00,107.57716947230122,109.32397313635732,106.3861714485516,106.54496765136719,36360100
2023-05-10 00:00:00-04:00,107.1603273461475,112.09305821305404,107.12062640001808,110.91197967529297,63153400
2023-05-11 00:00:00-04:00,114.53460704620213,117.03570601894897,113.55203326107099,115.69583129882812,78900000
2023-05-12 00:00:00-04:00,115.80501418168475,117.14488898483823,115.23928892825631,116.62879180908203,41102300
2023-05-15 00:00:00-04:00,115.2392819935686,117.59151189110723,115.14003341637807,115.63628387451172,36266800
2023-05-16 00:00:00-04:00,115.61642039221653,119.84447607842361,115.55687276508897,118.61377716064453,45035600
2023-05-17 00:00:00-04:00,118.71302793181175,120.75757727103849,117.99842610430477,119.93379974365234,33323600
2023-05-18 00:00:00-04:00,120.04298319548356,122.38528597148938,119.92388793132871,121.90888977050781,35234200
2023-05-19 00:00:00-04:00,122.62350082715598,125.02535141510835,121.23399792123767,121.83942413330078,41353400
2023-05-22 00:00:00-04:00,122.01807359628725,125.48189991592048,121.81956885585257,124.11225128173828,35253000
2023-05-23 00:00:00-04:00,123.22891477759688,123.69538383768969,121.29353348872816,121.64090728759766,34046300
2023-05-24 00:00:00-04:00,120.21171384013235,120.99579047353133,118.96116056401159,119.99336242675781,34182600
2023-05-25 00:00:00-04:00,123.58621039965489,124.38021415921419,121.04541048455478,122.55401611328125,42317000
2023-05-26 00:00:00-04:00,122.24634093896407,124.32067187463625,121.53173903906134,123.67554473876953,35635900
2023-05-30 00:00:00-04:00,124.6978199598951,124.71767421950892,121.08511707268141,122.74259185791016,35076700
2023-05-31 00:00:00-04:00,121.82948267900218,123.12965640506518,121.58135745969669,121.9485855102539,37325800
2023-06-01 00:00:00-04:00,121.8989611091008,123.48696104605021,121.70046395655,122.7922134399414,30772700
2023-06-02 00:00:00-04:00,123.06019879901274,125.20400462726855,122.83192780585587,123.73509979248047,26980100
2023-06-05 00:00:00-04:00,123.0800387874398,126.47439004972225,122.91130787950246,125.0650405883789,32305500
2023-06-06 00:00:00-04:00,125.06503903327281,127.32793227447583,124.41991194155317,126.35528564453125,26638300
2023-06-07 00:00:00-04:00,126.01784799150856,128.07231710182637,121.20421985419401,121.58136749267578,52539000
2023-06-08 00:00:00-04:00,121.31339671268852,122.30589768119812,120.33081530189335,121.22406768798828,29389200
2023-06-09 00:00:00-04:00,121.3332316954614,122.83191013354642,120.99578503336821,121.31338500976562,23778300
2023-06-12 00:00:00-04:00,121.86919005532346,123.11974334684123,120.74766673085075,122.71281433105469,28306400
2023-06-13 00:00:00-04:00,124.04276764194177,124.22141810946202,122.25626296673931,122.9013900756836,22278300
2023-06-14 00:00:00-04:00,122.17686661381849,123.11974706875885,120.53923851602217,122.74259185791016,30592300
2023-06-15 00:00:00-04:00,122.21657309153177,124.51917511914434,121.48212446839356,124.15194702148438,35246300
2023-06-16 00:00:00-04:00,124.98564142278578,125.1642918916508,122.35551246478781,122.6036376953125,45535600
2023-06-20 00:00:00-04:00,122.00814128096077,123.63584222244113,121.22406462697502,122.17686462402344,26097500
2023-06-21 00:00:00-04:00,121.48211364469854,121.74016600309444,119.19935850880321,119.64598846435547,30306300
2023-06-22 00:00:00-04:00,119.10011432011007,122.31581528654226,117.93889002281252,122.22649383544922,26952200
2023-06-23 00:00:00-04:00,120.46976164956806,121.86919161284854,120.15216165092147,121.42256164550781,34913600
2023-06-26 00:00:00-04:00,119.85441072671466,121.08510972170825,117.38307803534231,117.45255279541016,33969900
2023-06-27 00:00:00-04:00,116.20202354172285,118.18702562106004,115.22936919108754,117.4426498413086,39535900
2023-06-28 00:00:00-04:00,116.21193098693968,119.48718710532653,115.97373288245846,119.27876281738281,27091400
2023-06-29 00:00:00-04:00,118.34582057099236,119.15967111183862,117.41287475286933,118.20687103271484,24090900
2023-06-30 00:00:00-04:00,119.26883719212228,120.17201669011786,118.79244097715116,118.80236053466797,29532200
2023-07-03 00:00:00-04:00,118.34581546548606,119.28869594561498,117.9289668686366,119.00086975097656,14467900
2023-07-05 00:00:00-04:00,118.34581085804417,121.69054177705794,118.33589130053984,120.83699035644531,27584800
2023-07-06 00:00:00-04:00,118.90160907008745,119.39785951266347,117.51210631643842,119.20928192138672,24745200
2023-07-07 00:00:00-04:00,119.1993606252883,120.14224105563065,118.50461300055707,118.58401489257812,21709500
2023-07-10 00:00:00-04:00,117.41286932662906,117.42278888448908,115.2690635685402,115.57673645019531,35315200
2023-07-11 00:00:00-04:00,115.41794182924588,116.8272914274114,114.48498846913382,116.26156616210938,23078800
2023-07-12 00:00:00-04:00,117.90911694459177,119.42764220013913,117.52204217640053,118.03813934326172,30404400
2023-07-13 00:00:00-04:00,120.02313496341503,123.89389001441005,119.54673119638662,123.60606384277344,44297900
2023-07-14 00:00:00-04:00,123.8641083634262,125.82925579417832,122.56392710866825,124.47945404052734,33283100
2023-07-17 00:00:00-04:00,124.99557527494002,126.14687246896142,123.26861812563564,123.71524810791016,25716200
2023-07-18 00:00:00-04:00,123.6656062716888,123.74500815821673,122.03790545876947,122.8319091796875,26193600
2023-07-19 00:00:00-04:00,123.66562600905326,124.24127841998545,120.88662768666599,121.11489868164062,37224000
2023-07-20 00:00:00-04:00,120.50946759155578,123.15944340000809,117.3334674734311,118.30611419677734,37906800
2023-07-21 00:00:00-04:00,119.71547891444875,120.08269945533341,117.83965254297082,119.1199722290039,72937900
2023-07-24 00:00:00-04:00,120.74767468990552,122.07762238859752,120.07277371039838,120.61864471435547,29686100
2023-07-25 00:00:00-04:00,120.44991665621404,122.22649427656242,120.11246239355489,121.29354095458984,52509600
2023-07-26 00:00:00-04:00,129.09460190925336,129.99776623656712,127.35772529958219,128.30059814453125,61682100
2023-07-27 00:00:00-04:00,130.68260803004364,132.2408419072244,127.82420023434912,128.42962646484375,44952100
2023-07-28 00:00:00-04:00,129.799265024623,132.73707431896543,129.59084831881933,131.5857696533203,36591200
2023-07-31 00:00:00-04:00,131.73462048327818,132.52862411321212,130.79174779838897,131.72470092773438,28055500
2023-08-01 00:00:00-04:00,129.79926191480814,131.6353945728261,129.7000057705623,130.56349182128906,23166800
2023-08-02 00:00:00-04:00,128.4792349041098,129.1144348566753,126.60340886103654,127.41726684570312,26273300
2023-08-03 00:00:00-04:00,127.01034391124875,128.41969339996243,126.46446537651686,127.48674011230469,20089500
2023-08-04 00:00:00-04:00,128.31052393686713,130.52379685517826,126.9508024568463,127.14929962158203,26147200
2023-08-07 00:00:00-04:00,128.1914178864696,130.62304202480823,128.05246836840342,130.54364013671875,22746300
2023-08-08 00:00:00-04:00,129.64049266466947,130.5238180639834,128.56858962768754,130.41464233398438,23535200
2023-08-09 00:00:00-04:00,130.67266960839547,131.04980964495556,128.0326136306667,128.6876678466797,24912900
2023-08-10 00:00:00-04:00,130.33523442746744,131.0597558939105,128.47924731856517,128.7174530029297,20857800
2023-08-11 00:00:00-04:00,127.69517985741135,128.955645199412,127.2088489247228,128.5884246826172,19591100
2023-08-14 00:00:00-04:00,128.4196995095872,130.3848471837526,127.99293136308722,130.34515380859375,24695600
2023-08-15 00:00:00-04:00,130.1168711231594,130.43446352895285,128.31051225646652,128.8067626953125,19770700
2023-08-16 00:00:00-04:00,127.7348861694336,129.303039695641,126.91111602658746,127.7348861694336,25216100
2023-08-17 00:00:00-04:00,128.8266444615361,131.00022427090204,128.3204592134365,128.94573974609375,33446300
2023-08-18 00:00:00-04:00,127.546294758541,128.28075093151222,125.43227040921398,126.5041732788086,30504800
2023-08-21 00:00:00-04:00,126.22627759088554,127.76464959889275,125.61092424437363,127.4073486328125,25248700
2023-08-22 00:00:00-04:00,127.54629719383558,129.30302819235456,127.35773472637845,128.11203002929688,22054900
2023-08-23 00:00:00-04:00,129.2037702845962,132.40955935337914,128.8960974039479,131.37734985351562,27819700
2023-08-24 00:00:00-04:00,132.94548953796456,133.24324283014445,128.59834599183964,128.8067626953125,28500700
2023-08-25 00:00:00-04:00,128.56858974175867,129.7794423321441,126.29576881713609,128.9060516357422,26762900
2023-08-28 00:00:00-04:00,130.32531071752544,131.5460827710869,129.16408630398683,130.02755737304688,20543300
2023-08-29 00:00:00-04:00,131.24832315951218,135.54585383099212,131.24832315951218,133.56085205078125,43075600
2023-08-30 00:00:00-04:00,133.76926593538553,135.2580172391428,133.06459879911617,134.86102294921875,28315800
2023-08-31 00:00:00-04:00,134.99003046339,136.96511253819318,134.77167907243245,135.14883422851562,30053800
2023-09-01 00:00:00-04:00,136.4291742463203,136.4291742463203,133.838746407961,134.64266967773438,21543700
2023-09-05 00:00:00-04:00,134.42433443329878,135.3969811480602,133.57078298930236,134.75186157226562,19403100
2023-09-06 00:00:00-04:00,134.99998980551268,135.5061598618362,132.66760640562674,133.45169067382812,18684500
2023-09-07 00:00:00-04:00,132.58820688588548,134.56328935661423,131.95300684241127,134.2456817626953,18844300
2023-09-08 00:00:00-04:00,133.8983069363544,135.6351836006342,133.8387593023914,135.35728454589844,23558300
2023-09-11 00:00:00-04:00,135.51607902909177,136.4490323863561,134.77170328374638,135.8932342529297,20763400
2023-09-12 00:00:00-04:00,135.23817228733398,135.84359846496358,134.17620415931236,134.3250732421875,18405500
2023-09-13 00:00:00-04:00,134.0769375034417,135.8733616364172,133.14398427221744,135.68479919433594,20749500
2023-09-14 00:00:00-04:00,136.56812639378708,137.65986826915892,135.21832459864476,137.0643768310547,24751000
2023-09-15 00:00:00-04:00,136.94529661649105,137.48125568773057,135.4565449765043,136.36964416503906,38919600
2023-09-18 00:00:00-04:00,135.58554599898608,138.11642627515133,135.58554599898608,137.17355346679688,21861300
2023-09-19 00:00:00-04:00,136.38947604665375,137.3720574197808,135.59547227341233,137.00482177734375,20353700
2023-09-20 00:00:00-04:00,137.0445418305698,137.0445418305698,132.61798064460575,132.73709106445312,29927500
2023-09-21 00:00:00-04:00,130.4543541819301,131.2384234305324,129.09463244634384,129.46185302734375,31503900
2023-09-22 00:00:00-04:00,129.77942444921084,131.03990495129133,128.62813480654572,129.27325439453125,26397300
2023-09-25 00:00:00-04:00,128.85640052897944,130.1863481711838,127.99292954617495,130.12680053710938,20094600
2023-09-26 00:00:00-04:00,128.79684829173706,129.3824201983576,126.2659679234884,127.60585021972656,25718700
2023-09-27 00:00:00-04:00,127.60585276042912,129.91836661698156,127.60585276042912,129.56106567382812,22746500
2023-09-28 00:00:00-04:00,128.86631630656447,132.30037616629912,128.81668823150392,131.3177947998047,22513100
2023-09-29 00:00:00-04:00,132.28051235409288,133.04474225061801,129.38241168333343,129.878662109375,30859800
2023-10-02 00:00:00-04:00,130.2260695069411,133.41198939838114,130.18636098407492,133.1638641357422,22288000
2023-10-03 00:00:00-04:00,132.93557573096578,133.2531681504959,130.85131773991853,131.4368896484375,22989400
2023-10-04 00:00:00-04:00,131.79417572255468,134.5533419035272,131.53613096426483,134.22581481933594,26752300
2023-10-05 00:00:00-04:00,134.05712890625,134.47397754489367,132.44926684935047,134.05712890625,19832600
2023-10-06 00:00:00-04:00,133.00504324406194,137.123931161278,133.00504324406194,136.54827880859375,27597600
2023-10-09 00:00:00-04:00,135.9130761696135,137.8980779769235,134.59304815042893,137.38197326660156,19278100
2023-10-10 00:00:00-04:00,137.46136097879065,138.67221316791438,136.30013685860354,137.024658203125,27786600
2023-10-11 00:00:00-04:00,137.54078929024345,140.05181558848287,137.54078929024345,139.4960174560547,25884300
2023-10-12 00:00:00-04:00,139.9922602118785,140.16098355386808,137.2231741164266,137.9278564453125,24765500
2023-10-13 00:00:00-04:00,138.33479709793974,138.95014288451765,135.59548458868076,136.32994079589844,23420500
2023-10-16 00:00:00-04:00,137.13385103003665,138.58290904447986,136.9552081327783,138.056884765625,28501900
2023-10-17 00:00:00-04:00,137.59038847390352,138.85085356511095,136.1512502222243,138.67221069335938,23515800
2023-10-18 00:00:00-04:00,138.4042623643259,139.6647428833376,136.34979315539405,136.92544555664062,23375000
2023-10-19 00:00:00-04:00,137.46137089391803,138.6126755411059,136.34977476248778,136.7169952392578,26066000
2023-10-20 00:00:00-04:00,136.30015222216522,136.83609605175457,134.06702516754572,134.5831298828125,26335700
2023-10-23 00:00:00-04:00,134.0273213470116,136.6276841287948,132.94549894839827,135.47637939453125,26317900
2023-10-24 00:00:00-04:00,136.79639635920353,138.31492147464493,136.38946736895807,137.76904296875,44814300
2023-10-25 00:00:00-04:00,127.1989099289669,127.34777899563072,124.13207842862528,124.66802978515625,84366200
2023-10-26 00:00:00-04:00,122.34558803554405,123.39764418527096,120.36058614753718,121.3630142211914,57061100
2023-10-27 00:00:00-04:00,121.95852001538093,122.38529574778306,119.30854416571684,121.25384521484375,44566500
2023-10-30 00:00:00-04:00,122.2860385724438,124.45961803038976,121.82948905369454,123.52666473388672,28940100
2023-10-31 00:00:00-04:00,124.12216757392719,124.42984802046038,121.76994514607122,123.14952087402344,26292300
2023-11-01 00:00:00-04:00,123.13959001581209,125.54144044779346,122.79221620493564,125.50173950195312,30082400
2023-11-02 00:00:00-04:00,127.45696167163366,128.01275974342613,125.97813747508253,126.533935546875,27124600
2023-11-03 00:00:00-04:00,127.05996371421396,128.55863455349083,126.9011599427464,128.13186645507812,26393100
2023-11-06 00:00:00-05:00,128.08225623128538,129.36257584929294,127.70510100758493,129.27325439453125,19052700
2023-11-07 00:00:00-05:00,129.72980920218515,130.9208073441977,128.90603157499936,129.98785400390625,29757300
2023-11-08 00:00:00-05:00,129.98784740054361,131.21855399990926,129.7992698016351,130.851318359375,26425800
2023-11-09 00:00:00-05:00,130.97043911965648,131.55601107722748,129.09461282832507,129.26333618164062,23747800
2023-11-10 00:00:00-05:00,129.1243853429863,131.80413499720473,128.43955723420933,131.595703125,26913300
2023-11-13 00:00:00-05:00,130.79178389238834,131.59570729972106,130.26575956056902,131.09945678710938,18324800
2023-11-14 00:00:00-05:00,133.1837138056391,134.68238488834018,132.32024276762044,132.61798095703125,32395200
2023-11-15 00:00:00-05:00,133.8585988714082,134.01740265875648,132.56835974620077,133.6104736328125,23861500
2023-11-16 00:00:00-05:00,134.17619538121033,136.19097094090904,133.31272446829985,135.90313720703125,28013200
2023-11-17 00:00:00-05:00,134.98013143466227,135.03967906955006,132.64774810580346,134.29530334472656,37240600
2023-11-20 00:00:00-05:00,132.68745618308765,135.63518525511367,132.61797384637484,135.22825622558594,27815500
2023-11-21 00:00:00-05:00,135.2679473163652,136.15127255285424,134.9404353311043,135.94285583496094,22635300
2023-11-22 00:00:00-05:00,136.43909143782605,138.3744650434286,136.43909143782605,137.45144653320312,17813900
2023-11-24 00:00:00-05:00,136.994895052353,137.0941511979509,134.9701999236649,135.66494750976562,12514300
2023-11-27 00:00:00-05:00,135.00988403041387,137.38196036155256,134.98011021765,135.3870391845703,23436500
2023-11-28 00:00:00-05:00,135.05953110146496,136.22075539571145,134.40447683977845,136.17112731933594,18730000
2023-11-29 00:00:00-05:00,136.53837669384325,137.25296351690287,133.82883792387636,133.97772216796875,23967200
2023-11-30 00:00:00-05:00,134.03727022382313,134.53352075027612,130.29553701394568,131.53616333007812,38988300
2023-12-01 00:00:00-05:00,130.87118530273438,131.1193105581131,129.6901066640334,130.87118530273438,31442300
2023-12-04 00:00:00-05:00,128.90602431139112,129.05489339161807,126.94086915840347,128.30059814453125,36669900
2023-12-05 00:00:00-05:00,127.98298023608452,131.14906033747008,127.28823267724465,130.0076904296875,27384800
2023-12-06 00:00:00-05:00,130.45431707264976,130.85131136380824,128.90601813502556,129.0449676513672,23576200
2023-12-07 00:00:00-05:00,134.02731116371308,137.52091847546023,133.68986450169766,135.90313720703125,56767100
2023-12-08 00:00:00-05:00,133.19363785776235,135.3771371385065,133.02491449661565,133.97772216796875,32260100
2023-12-11 00:00:00-05:00,131.3873018080732,132.34009439297435,130.3749464352963,132.29046630859375,31138000
2023-12-12 00:00:00-05:00,130.82154752185775,132.00262607297714,130.2756689716308,131.52622985839844,29032800
2023-12-13 00:00:00-05:00,132.37980544950435,132.49890073880297,130.5833808288782,131.5758819580078,30104800
2023-12-14 00:00:00-05:00,132.37978056258655,132.71722724840416,128.71744966150473,130.95057678222656,38722400
2023-12-15 00:00:00-05:00,130.63294443593992,132.5087702558093,130.19624168094646,131.60560607910156,50847100
2023-12-18 00:00:00-05:00,131.6353903862347,136.12148324947407,131.43687810405666,134.7816162109375,32258000
2023-12-19 00:00:00-05:00,135.81382173780045,136.43910216120065,135.05952649346082,135.625244140625,25476800
2023-12-20 00:00:00-05:00,137.9278622500159,140.63738568200563,137.03461742674637,137.30258178710938,49107200
2023-12-21 00:00:00-05:00,138.44395531377506,139.63495335905975,138.1362673150206,139.36697387695312,27488300
2023-12-22 00:00:00-05:00,139.71436841353267,140.9252208312421,139.65482077731141,140.42897033691406,26532200
2023-12-26 00:00:00-05:00,140.52819216023732,141.61001445550394,140.1311978767292,140.45872497558594,16780300
2023-12-27 00:00:00-05:00,140.52820465495105,141.0145355681964,138.84095608348233,139.31735229492188,19628600
2023-12-28 00:00:00-05:00,139.72428432008698,140.0815852724405,138.70200954003505,139.17840576171875,16045700
2023-12-29 00:00:00-05:00,138.58292367477063,139.30744518629933,137.7392917414662,138.64247131347656,18733000
2024-01-02 00:00:00-05:00,137.51100529289818,138.4042500618413,135.45652112222194,137.13385009765625,23711200
2024-01-03 00:00:00-05:00,136.2207449621666,138.58290188858055,136.05202163090297,137.8782196044922,24212100
2024-01-04 00:00:00-05:00,137.38197845779115,138.11643460621872,135.32750938466225,135.36720275878906,27137700
2024-01-05 00:00:00-05:00,135.72449810296587,136.13142710669655,134.1364906048939,134.71214294433594,22513900
2024-01-08 00:00:00-05:00,135.26794767616852,137.96755146900708,135.23817385924744,137.798828125,21404000
2024-01-09 00:00:00-05:00,137.46139607476167,140.42897968026014,137.11401464787397,139.8930206298828,24759600
2024-01-10 00:00:00-05:00,139.94264312514758,141.92764515529154,139.85332166843838,141.21304321289062,21320200
2024-01-11 00:00:00-05:00,142.41395623786542,144.13097851399309,139.58532268175995,141.0145263671875,24008700
2024-01-12 00:00:00-05:00,141.6001002299109,142.12612449032548,140.75648355960536,141.5802459716797,18785500
2024-01-16 00:00:00-05:00,140.93514731118603,143.267530806828,140.38926871174172,141.42147827148438,22670500
2024-01-17 00:00:00-05:00,140.29000813187008,140.77632387999014,137.85836881382235,140.4091033935547,20968600
2024-01-18 00:00:00-05:00,140.9847834391736,143.12858943697674,140.92523579662878,142.404052734375,25746400
2024-01-19 00:00:00-05:00,143.65458671612103,145.35175478607076,143.29728578386394,145.28228759765625,34271900
2024-01-22 00:00:00-05:00,145.99689454630132,147.2772140972634,144.7463336676715,144.8952178955078,32200400
2024-01-23 00:00:00-05:00,144.79596212537868,146.07628167971635,144.40888736296378,145.9373321533203,21636100
2024-01-24 00:00:00-05:00,147.4260808607733,148.7262697948882,146.98939317466798,147.5848846435547,25233500
2024-01-25 00:00:00-05:00,148.94463515959285,151.9022839551748,148.41859568681784,150.7311248779297,29149100
2024-01-26 00:00:00-05:00,149.96688376806185,151.39607226389228,149.8775471822791,151.0487060546875,26115500
2024-01-29 00:00:00-05:00,150.91970223766634,152.62680519863352,150.29442175069474,152.35882568359375,27784300
2024-01-30 00:00:00-05:00,151.6541357617942,152.46797859903648,150.05620875745953,150.32418823242188,36331800
2024-01-31 00:00:00-05:00,142.5429852293833,142.9201404462014,138.82110657193016,139.0493927001953,71910000
2024-02-01 00:00:00-05:00,141.05424824171908,141.98720167736062,139.7342199917544,140.10145568847656,40466500
2024-02-02 00:00:00-05:00,138.21567319652831,141.55047690627347,135.47637609880854,141.31228637695312,62499600
2024-02-05 00:00:00-05:00,141.74900272521677,144.37912436638035,141.70929420363484,142.6025390625,38505400
2024-02-06 00:00:00-05:00,143.56525733160348,144.2699396743933,142.11621441563744,143.01939392089844,29128200
2024-02-07 00:00:00-05:00,143.67442837133774,144.5279797721388,142.8506507867212,144.44857788085938,25208900
2024-02-08 00:00:00-05:00,144.73640926724323,145.2326597213676,144.01188784464298,144.81581115722656,22563800
2024-02-09 00:00:00-05:00,145.58003513170593,148.31934750358255,145.08378464629212,147.8826446533203,26829500
2024-02-12 00:00:00-05:00,147.3069701451041,148.2200690837802,146.26484125340653,146.42364501953125,21564100
2024-02-13 00:00:00-05:00,143.83323854119595,145.57011523611322,142.61246659033287,144.0515899658203,27837700
2024-02-14 00:00:00-05:00,144.98454584573585,145.42124870265448,143.00946343171321,144.84559631347656,22704200
2024-02-15 00:00:00-05:00,142.06659185995144,142.44374708435768,139.40669646187024,141.69937133789062,37590700
2024-02-16 00:00:00-05:00,141.9177107623263,142.1162079157189,139.08907710730534,139.4662322998047,31468900
2024-02-20 00:00:00-05:00,138.6126789723254,141.01452932682773,138.44395563708255,140.0617218017578,25144700
2024-02-21 00:00:00-05:00,140.38924578700608,141.61995232438937,139.62501587257833,141.4810028076172,23223300
2024-02-22 00:00:00-05:00,143.84317297313012,143.9126553174059,141.72915598973884,143.0094757080078,27191900
2024-02-23 00:00:00-05:00,142.5926288514205,143.5950494938004,142.35442313940538,142.88046264648438,19493800
2024-02-26 00:00:00-05:00,141.07409774924443,141.37185109123465,136.35971779155244,136.5383758544922,53641800
2024-02-27 00:00:00-05:00,136.98496493981133,138.20573668591595,136.0619313188344,137.83851623535156,33099200
2024-02-28 00:00:00-05:00,136.8658750875032,136.9750507978896,134.3945574118629,135.35728454589844,37328600
2024-02-29 00:00:00-05:00,136.25051773823296,137.8186709245879,135.37711212953872,137.4216766357422,42133000
2024-03-01 00:00:00-05:00,137.39190716020826,137.82861002648335,135.89323609127652,136.11158752441406,31151100
2024-03-04 00:00:00-05:00,134.6426653234506,134.6426653234506,130.92078723607764,132.34999084472656,55999400
2024-03-05 00:00:00-05:00,130.89102554499024,132.2408273954596,129.69009277405854,131.6750946044922,40194800
2024-03-06 00:00:00-05:00,132.12174548795198,132.57830267095676,129.86877882835452,130.41464233398438,35318600
2024-03-07 00:00:00-05:00,131.79418082018677,133.92806672802465,130.6230370899261,133.3722686767578,37738200
2024-03-08 00:00:00-05:00,133.20353336949728,137.05442601164413,132.99510154683844,134.39453125,39370400
2024-03-11 00:00:00-04:00,135.10915896262767,138.05688799115902,135.10915896262767,136.63760375976562,32437800
2024-03-12 00:00:00-04:00,136.0024024134986,138.33478567710262,136.0024024134986,137.4613800048828,27563400
2024-03-13 00:00:00-04:00,137.95763014261004,140.03195346478358,137.94771058521772,138.74169921875,23347200
2024-03-14 00:00:00-04:00,140.13120561748423,142.51320173883516,139.40668419509728,142.02688598632812,42753400
2024-03-15 00:00:00-04:00,141.43138537879798,142.10627875552206,138.97990682068314,140.12127685546875,49475400
2024-03-18 00:00:00-04:00,147.4955587325886,151.00900524024846,146.06635501951953,146.57252502441406,69273700
2024-03-19 00:00:00-04:00,147.04892948770356,147.67419472468532,144.98452590354466,145.92739868164062,24070400
2024-03-20 00:00:00-04:00,146.89014708409312,147.74369854454548,145.63960128386148,147.62460327148438,21311500
2024-03-21 00:00:00-04:00,148.34910531390932,149.24235003352564,145.79837082481882,146.49313354492188,24755600
2024-03-22 00:00:00-04:00,148.0017381108715,150.4432971327226,147.86278858243205,149.63937377929688,29211800
2024-03-25 00:00:00-04:00,148.8155806383432,149.25228343768953,146.71148367170483,148.94461059570312,19229300
2024-03-26 00:00:00-04:00,149.0934777474766,151.11817280232611,148.85527209334566,149.54010009765625,22149100
2024-03-27 00:00:00-04:00,150.04628982187702,150.50284693295552,147.78338881509114,149.73861694335938,22879200
2024-03-28 00:00:00-04:00,149.71878524234197,150.294422508123,149.04387667224117,149.7981719970703,24485400
2024-04-01 00:00:00-04:00,149.55995234259385,154.57208455783177,149.48055045895188,154.32395935058594,31730800
2024-04-02 00:00:00-04:00,152.3489065422849,153.53990473719549,151.00902410778318,153.4009552001953,24586000
2024-04-03 00:00:00-04:00,152.44814641496717,153.9170435269461,151.58466032180885,153.75823974609375,24705000
2024-04-04 00:00:00-04:00,152.34888233651972,153.60936267184238,149.32175167815961,149.40115356445312,34724700
2024-04-05 00:00:00-04:00,148.90492090258869,152.26949862092886,148.47815275024013,151.3563995361328,23459200
2024-04-08 00:00:00-04:00,151.63429745472348,154.10563032964885,151.46557410662442,153.68878173828125,20702000
2024-04-09 00:00:00-04:00,154.91947398862214,157.37095261531294,154.02622916635622,155.4256591796875,31079500
2024-04-10 00:00:00-04:00,155.03858328938844,155.43557761990488,153.52004287147383,154.96910095214844,22838600
2024-04-11 00:00:00-04:00,155.73334692800734,158.48256399502026,155.28672447423406,158.214599609375,27166400
2024-04-12 00:00:00-04:00,156.7754663121818,159.01851314437133,155.96160821412113,156.54718017578125,25353700
2024-04-15 00:00:00-04:00,157.66868815581063,158.0458433310319,153.43070521818026,153.6986846923828,27136500
2024-04-16 00:00:00-04:00,153.03374024151432,154.48278330237142,152.2794297465919,153.24215698242188,20779500
2024-04-17 00:00:00-04:00,154.45299200861103,155.902050049897,153.42079769070784,154.3041229248047,21763100
2024-04-18 00:00:00-04:00,154.17509879172633,155.76310641946125,153.4604968736819,154.84007263183594,19883000
2024-04-19 00:00:00-04:00,155.02865652078847,155.18746031886693,151.15790859489965,152.93447875976562,32615600
2024-04-22 00:00:00-04:00,153.15281939939192,156.45784938513543,152.90469416152254,155.10804748535156,26446200
2024-04-23 00:00:00-04:00,155.78294214571977,157.77786342870908,155.10803368370046,157.07318115234375,21151600
2024-04-24 00:00:00-04:00,156.30899022616805,158.37339415365952,155.9913826322323,157.9366912841797,22779100
2024-04-25 00:00:00-04:00,150.1951766135992,155.31648535594996,149.73861949474144,154.8301544189453,57109700
2024-04-26 00:00:00-04:00,173.06238823512538,173.399850072579,168.37778247380382,170.66053771972656,64665300
2024-04-29 00:00:00-04:00,167.79218800990293,168.2785188689009,163.9710688984415,164.9040069580078,45610000
2024-04-30 00:00:00-04:00,164.36809054901573,166.8394234809616,161.38066800310506,161.55931091308594,33562900
2024-05-01 00:00:00-04:00,163.06789787937092,165.86674249047698,161.86696514908917,162.63119506835938,33493200
2024-05-02 00:00:00-04:00,163.55422015396346,165.4796743643417,162.6609753825577,165.37049865722656,24294500
2024-05-03 00:00:00-04:00,166.30346280179975,166.70047228284332,161.8272888066215,165.98587036132812,34662400
2024-05-06 00:00:00-04:00,166.20420129812592,166.87909461614606,164.7849171879721,166.8394012451172,21871300
2024-05-07 00:00:00-04:00,167.23641214858006,170.47195983372737,167.12723643695188,169.96578979492188,28039700
2024-05-08 00:00:00-04:00,167.73266229376583,168.87403234038655,167.4746174960537,168.1098175048828,19569100
2024-05-09 00:00:00-04:00,168.11973776202532,169.40999204467994,166.9188049315239,168.6854705810547,15346700
2024-05-10 00:00:00-04:00,166.76992345897793,168.57628234941276,164.94372545466877,167.38526916503906,29799900
2024-05-13 00:00:00-04:00,163.02818817677723,168.01054680668042,162.77014340140366,167.87159729003906,31327600
2024-05-14 00:00:00-04:00,168.49688914969917,169.96578630331507,167.5341620244905,169.06260681152344,25127100
2024-05-15 00:00:00-04:00,169.35044756160798,171.3552886431622,169.23133714549078,171.21633911132812,26948400
2024-05-16 00:00:00-04:00,171.9904693856651,173.80674779811807,171.39497794928866,172.87379455566406,27867900
2024-05-17 00:00:00-04:00,172.87380893604973,174.94814744007684,172.387493160876,174.73971557617188,24479300
2024-05-20 00:00:00-04:00,174.86877067605414,177.4294253232356,174.7595949496267,175.59329223632812,22554400
2024-05-21 00:00:00-04:00,175.57342356539291,176.814049834635,174.4916010932611,176.5163116455078,16989400
2024-05-22 00:00:00-04:00,175.31535679142465,175.82152679389606,173.89608778649955,175.05731201171875,17880000
2024-05-23 00:00:00-04:00,175.7421581518555,176.913302054648,171.65304376131735,172.24855041503906,21024900
2024-05-24 00:00:00-04:00,173.6678149317287,174.45189917635065,172.34778682854989,173.67774963378906,16579400
2024-05-28 00:00:00-04:00,173.14178984862892,175.94064983167806,173.06238795431943,175.07716369628906,20572200
2024-05-29 00:00:00-04:00,174.1144254654683,175.51385536789155,173.4097583079271,174.58090209960938,23388700
2024-05-30 00:00:00-04:00,173.88616018139018,173.90601444044296,170.50172837010513,170.8193359375,22931500
2024-05-31 00:00:00-04:00,170.57123607233086,171.76223433846474,168.16938527805758,171.20643615722656,37638900
2024-06-03 00:00:00-04:00,171.24610323694733,173.22118553313896,169.8764622562065,171.8713836669922,27459100
2024-06-04 00:00:00-04:00,171.9805700601862,172.54630289287442,170.60099429207042,172.4867401123047,26879600
2024-06-05 00:00:00-04:00,173.8861268965696,175.32524994299388,172.62564671433782,174.0945587158203,22068500
2024-06-06 00:00:00-04:00,174.5809159744427,175.8215421969568,174.43204688548622,175.40469360351562,23251000
2024-06-07 00:00:00-04:00,175.72229190224542,176.53613478615,172.9929143569092,173.15171813964844,19661400
2024-06-10 00:00:00-04:00,173.85720320728015,175.9339073021769,171.66125199471998,173.89694213867188,23726700
2024-06-11 00:00:00-04:00,175.09925413873597,175.71530612964037,172.66483900249895,175.4967041015625,21540600
2024-06-12 00:00:00-04:00,177.11633707085997,179.2626031953618,174.9899479924397,176.6592559814453,27864700
2024-06-13 00:00:00-04:00,174.98994497931662,175.61594304528666,173.76777199685736,174.04598999023438,20913300
2024-06-14 00:00:00-04:00,173.1119567987189,175.93389067490244,173.04239472317744,175.6656036376953,18063600
2024-06-17 00:00:00-04:00,174.34406932448942,177.22561906564368,173.69819427096027,176.1127471923828,19618500
2024-06-18 00:00:00-04:00,176.01339021741077,176.26180021913805,172.9927312675741,173.97642517089844,21869900
2024-06-20 00:00:00-04:00,174.25464833709086,176.1624353876285,173.8770754332329,175.17874145507812,20160100
2024-06-21 00:00:00-04:00,175.87428594679412,179.69980614084275,175.48676694016078,178.48756408691406,57759000
2024-06-24 00:00:00-04:00,179.014178404994,179.73953132877418,177.53364940990167,178.0801544189453,18298000
2024-06-25 00:00:00-04:00,178.47761719658297,183.1179143136271,178.27889222308787,182.8595733642578,23130200
2024-06-26 00:00:00-04:00,181.4684906850168,183.33652370507795,181.31943557759413,182.71054077148438,19839000
2024-06-27 00:00:00-04:00,183.00858595602418,184.86670284298162,182.8496150980301,184.23077392578125,18848900
2024-06-28 00:00:00-04:00,183.14774365065432,183.95258967563325,180.80275249600572,180.9915313720703,29156600
2024-07-01 00:00:00-04:00,181.86592606220148,182.71052611795955,180.1469331256833,181.82618713378906,16006100
2024-07-02 00:00:00-04:00,180.89216044416673,184.38977740074063,180.40527139828873,184.06187438964844,17372500
2024-07-03 00:00:00-04:00,183.67436680423387,184.90647074592763,182.8297667085458,184.63819885253906,10242100
2024-07-05 00:00:00-04:00,184.67794276589416,189.64614308224583,184.618326787977,189.38780212402344,20967500
2024-07-08 00:00:00-04:00,188.69223602398804,188.96052307793317,186.58572400777334,187.82777404785156,21035900
2024-07-09 00:00:00-04:00,189.09961914354798,190.14294413821008,187.51973523943423,187.778076171875,15121400
2024-07-10 00:00:00-04:00,187.94699289900143,190.53046286697955,187.82776095522303,189.96408081054688,15952500
2024-07-11 00:00:00-04:00,188.64254822802587,189.6461191068277,183.9028814801356,184.3897705078125,25625800
2024-07-12 00:00:00-04:00,183.90290579597803,185.91999392317484,183.31666179406736,183.89297485351562,22898400
2024-07-15 00:00:00-04:00,183.74391265022248,187.04280482965035,183.74391265022248,185.3436737060547,16474000
2024-07-16 00:00:00-04:00,186.16839882768255,187.47999579867826,182.203769602895,182.75027465820312,18290700
2024-07-17 00:00:00-04:00,181.80632373022326,182.3826367867754,178.7558414559852,179.8687286376953,20734100
2024-07-18 00:00:00-04:00,180.77293018820677,181.33931230427376,175.3476639106666,176.55990600585938,25315700
2024-07-19 00:00:00-04:00,177.74234773802445,179.14336877027299,176.00347754543185,176.5301055908203,18881900
2024-07-22 00:00:00-04:00,179.44145432097875,181.5380354484916,179.08374329385708,180.51458740234375,24100300
2024-07-23 00:00:00-04:00,180.89216041821464,182.44223635279693,180.38539432762542,180.63380432128906,36352700
2024-07-24 00:00:00-04:00,172.4959213091671,175.06944543810874,170.72724320681195,171.53208923339844,49585200
2024-07-25 00:00:00-04:00,171.42278967121095,172.31705967237997,166.12668626172413,166.2161102294922,44852000
2024-07-26 00:00:00-04:00,166.08693667884336,167.020960798883,163.01659240813447,165.93789672851562,41336900
2024-07-29 00:00:00-04:00,167.75622208691163,169.34603679148984,166.9215682298775,168.45176696777344,20293800
2024-07-30 00:00:00-04:00,169.15726982937002,170.1409636721862,167.3687148946011,169.20693969726562,18959700
2024-07-31 00:00:00-04:00,172.13820531777287,173.14177629603867,168.92873708461033,170.44900512695312,25729100
2024-08-01 00:00:00-04:00,169.16722971206943,172.9430651843941,167.80594760520498,169.67398071289062,24531400
2024-08-02 00:00:00-04:00,165.38143462058628,167.43826141950746,163.62268767531864,165.60003662109375,29130100
2024-08-05 00:00:00-04:00,154.5110472195564,163.38424670507362,153.94466504214253,158.23719787597656,53630700
2024-08-06 00:00:00-04:00,158.31667357844438,159.54879271884894,155.41524640434096,157.2832794189453,49004600
2024-08-07 00:00:00-04:00,160.22444407280443,161.94343696392548,157.46212618793052,157.92913818359375,25138600
2024-08-08 00:00:00-04:00,159.48915933518853,162.64894258558448,159.19107944889603,160.99949645996094,25578800
2024-08-09 00:00:00-04:00,158.99233275753915,162.74829078749448,158.04837777910737,162.62905883789062,28602300
2024-08-12 00:00:00-04:00,163.3047697847516,163.85125975481353,160.8107232273411,161.2578582763672,15895300
2024-08-13 00:00:00-04:00,162.37070632388532,163.68230316130368,161.93350232416512,163.11593627929688,18551700
2024-08-14 00:00:00-04:00,161.36713999266024,162.18193212107965,156.70698083807574,159.3500518798828,40591100
2024-08-15 00:00:00-04:00,159.47925471648404,160.61200395659856,158.59491553044504,160.274169921875,31524300
2024-08-16 00:00:00-04:00,160.44307001878303,164.01023438029236,160.1052360196877,161.92359924316406,24208600
2024-08-19 00:00:00-04:00,164.22882628821975,165.6298623978553,163.21530919170212,165.6099853515625,22416200
2024-08-20 00:00:00-04:00,165.83851174622947,167.5674508233367,165.75903388769558,166.11672973632812,18341500
2024-08-21 00:00:00-04:00,164.09965161309964,165.78885186270244,163.62270862444709,164.7952117919922,22902000
2024-08-22 00:00:00-04:00,166.19624133619183,166.52414439583893,162.2713658869077,162.7582550048828,22493300
2024-08-23 00:00:00-04:00,163.67239563965794,165.12310166986182,162.78805657250106,164.56666564941406,13955700
2024-08-26 00:00:00-04:00,165.32182772050928,166.48438469877073,163.414040743741,165.1032257080078,14190400
2024-08-27 00:00:00-04:00,164.78525544371954,165.3814455137806,163.4140425413684,163.63262939453125,11821900
2024-08-28 00:00:00-04:00,163.99034421256823,164.54679536636124,160.50267315842373,161.8142852783203,16407400
2024-08-29 00:00:00-04:00,163.2649914453281,164.91443753942139,159.2308153360169,160.75108337402344,19699800
2024-08-30 00:00:00-04:00,161.58573574397926,162.6191298588304,160.66165779990888,162.34091186523438,22123800
2024-09-03 00:00:00-04:00,160.6914786071736,160.82065667227133,155.4847990112644,156.3592071533203,38945300
2024-09-04 00:00:00-04:00,155.66364237973846,157.98875628626521,154.9680974284368,155.45497131347656,19353800
2024-09-05 00:00:00-04:00,155.30593568698094,158.4358956354768,154.98796360800392,156.23995971679688,18688700
2024-09-06 00:00:00-04:00,156.29960377822212,156.82623186213758,149.59253254468973,149.96017456054688,37912100
2024-09-09 00:00:00-04:00,151.7411114283819,152.62662386310816,146.47778778010462,147.9602813720703,39260500
2024-09-10 00:00:00-04:00,149.6915067964419,150.50738007285446,147.59214370497173,147.91053771972656,31118800
2024-09-11 00:00:00-04:00,149.16416479252044,150.73620092097835,146.77627065265514,150.39791870117188,29607700
2024-09-12 00:00:00-04:00,153.02462848632382,154.03949046129577,151.88041704126704,153.91014099121094,29621500
2024-09-13 00:00:00-04:00,154.6463885405626,157.58152818841413,154.42751164329223,156.66616821289062,29591200
2024-09-16 00:00:00-04:00,156.51693413001883,157.45219763829544,155.81052202950406,157.26315307617188,18379800
2024-09-17 00:00:00-04:00,158.2183245621199,159.74061004154726,157.5815516503455,158.51681518554688,20715600
2024-09-18 00:00:00-04:00,159.05408446311074,159.69085736808276,157.8004420763462,159.00433349609375,23677300
2024-09-19 00:00:00-04:00,162.88467834172684,162.9642616693234,160.52661614683478,161.3225860595703,26587700
2024-09-20 00:00:00-04:00,162.67573141732413,162.90456764484875,161.2429886014312,162.76527404785156,40896400
2024-09-23 00:00:00-04:00,163.5214231611921,164.65567515799938,160.85492668860783,161.03402709960938,24150900
2024-09-24 00:00:00-04:00,162.20809181188605,162.39713636620655,159.87989243963506,161.47181701660156,23332100
2024-09-25 00:00:00-04:00,160.6559541225392,161.9891949013652,160.48681299524299,160.6758575439453,18869200
2024-09-26 00:00:00-04:00,162.81502289321162,163.25280710146038,161.46187860492594,161.90960693359375,20319300
2024-09-27 00:00:00-04:00,161.98920666955183,164.86463640620642,161.81012140947348,163.1234588623047,21101300
2024-09-30 00:00:00-04:00,162.49664152148338,165.31236092462515,162.43693125430474,165.01388549804688,20413900
2024-10-01 00:00:00-04:00,166.8445849442019,168.30717508055415,163.75026355678568,166.1481170654297,28338100
2024-10-02 00:00:00-04:00,165.58100861617797,166.67546915041717,163.89952615078477,165.02383422851562,17760200
2024-10-03 00:00:00-04:00,163.58114729291918,165.79990072302581,163.09361211278292,165.02383422851562,15073100
2024-10-04 00:00:00-04:00,167.21271664038824,167.38185775705003,164.64572198743747,166.21775817871094,19047400
2024-10-07 00:00:00-04:00,166.87444945314562,167.63061248672904,161.92950423820415,162.15834045410156,22463100
2024-10-08 00:00:00-04:00,163.11350061638578,163.89951115954543,162.0488877230142,163.55128479003906,23072700
2024-10-09 00:00:00-04:00,162.62597153558053,164.00896330918712,158.9346838265827,161.0439910888672,31181800
2024-10-10 00:00:00-04:00,160.0589870760538,162.24790816824293,159.591355313801,161.2628936767578,14144100
2024-10-11 00:00:00-04:00,161.31263337427697,163.07369906378534,160.4271208786136,162.4170379638672,15344300
2024-10-14 00:00:00-04:00,162.81501959424767,165.3919586438415,162.5762240722605,164.1283721923828,19016100
2024-10-15 00:00:00-04:00,164.95416217665158,166.8346331245922,163.8000218608721,164.62583923339844,20247200
2024-10-16 00:00:00-04:00,163.70053329945262,164.96413494193072,162.91452270440968,164.32736206054688,16406000
2024-10-17 00:00:00-04:00,164.8944683866494,165.53124122104538,161.93944041934847,162.10858154296875,21453400
2024-10-18 00:00:00-04:00,162.36727890982462,163.87962007018098,162.25783286831472,162.5961151123047,19757700
2024-10-21 00:00:00-04:00,162.12849497134508,163.67068378195492,161.8001568233936,163.24285888671875,20946500
2024-10-22 00:00:00-04:00,162.15832023535148,164.9342627494447,162.15832023535148,164.30743408203125,16568100
2024-10-23 00:00:00-04:00,163.92937969662665,164.98404860544863,161.1136449298604,161.95936584472656,18280500
2024-10-24 00:00:00-04:00,162.00908898296657,162.50656821640374,160.1982572859619,161.89964294433594,22412500
2024-10-25 00:00:00-04:00,162.84485839827352,164.75517692607178,162.59611876941653,164.43679809570312,19828900
2024-10-28 00:00:00-04:00,167.89926611467047,167.89926611467047,163.123461731036,165.87950134277344,32138600
2024-10-29 00:00:00-04:00,166.88438836507615,169.52103755308448,166.24761551933543,168.82455444335938,42169000
2024-10-30 00:00:00-04:00,179.7691030508194,181.1023590425056,173.18248232545162,173.58047485351562,68890800
2024-10-31 00:00:00-04:00,172.25718077657928,175.92858030114797,170.13791418034728,170.2473602294922,44769000
2024-11-01 00:00:00-04:00,169.21260195677476,171.45125861583475,168.02859889466288,170.4264373779297,31796500
2024-11-04 00:00:00-05:00,169.07330370933886,169.86927360734452,167.16298506324307,168.3867950439453,21492700
2024-11-05 00:00:00-05:00,168.57581219568198,169.67027262380228,167.98879032144563,168.88426208496094,18242100
2024-11-06 00:00:00-05:00,172.92378818784377,176.04795723175238,172.62529760518007,175.6201171875,33695500
2024-11-07 00:00:00-05:00,176.51560241710214,180.16709852379773,176.2967103185547,179.83876037597656,25352900
2024-11-08 00:00:00-05:00,179.73927471599893,179.98801437942095,177.18223887059006,177.4508819580078,22006200
2024-11-11 00:00:00-05:00,177.67969975449668,179.6397693133584,177.5702537066768,179.44078063964844,17450400
2024-11-12 00:00:00-05:00,178.91344777717472,181.569985195191,178.48560772038502,180.70436096191406,25134900
2024-11-13 00:00:00-05:00,179.55023156460638,180.04771085332573,177.6398977358846,177.9781951904297,23184000
2024-11-14 00:00:00-05:00,177.38120927026733,177.9184953896884,173.44118190987194,174.69482421875,31007500
2024-11-15 00:00:00-05:00,172.8541459998015,173.2620826521563,170.35680548513443,171.6204071044922,32504600
2024-11-18 00:00:00-05:00,172.54571749253887,174.55553810267529,172.0283347729084,174.41624450683594,20135300
2024-11-19 00:00:00-05:00,172.84418886990383,177.9682189842711,172.68499186898757,177.2220001220703,23434900
2024-11-20 00:00:00-05:00,176.44593283355675,176.78421507240827,172.90388308120177,175.09278869628906,18997100
2024-11-21 00:00:00-05:00,173.02329149320352,173.2521428982115,162.87471698401734,166.784912109375,59734400
2024-11-22 00:00:00-05:00,165.0138834352713,165.62080876483188,163.07370209558795,163.9293670654297,38604600
2024-11-25 00:00:00-05:00,165.25266140749017,167.77986461840595,164.77508555590978,166.80479431152344,33135300
2024-11-26 00:00:00-05:00,166.78490128483136,168.96386286905866,166.73515032254275,168.2673797607422,20486700
2024-11-27 00:00:00-05:00,168.14799483925975,168.6255706920237,167.17293971182346,168.3768310546875,19266500
2024-11-29 00:00:00-05:00,167.6505077939042,168.57581191461244,166.31726704322566,168.09823608398438,14257200
2024-12-02 00:00:00-05:00,167.91915410888186,171.21246438956555,167.72016544073577,170.6254425048828,23789100
2024-12-03 00:00:00-05:00,170.62546445455806,171.80945249599012,169.98869152545723,170.47621154785156,22248700
2024-12-04 00:00:00-05:00,170.28715321004535,174.02820715023717,170.1976105823781,173.4909210205078,31615100
2024-12-05 00:00:00-05:00,174.4759264469432,175.17239437366248,171.46120334982362,171.76963806152344,21356200
2024-12-06 00:00:00-05:00,171.16269664161362,174.19732287429628,170.99355553118355,173.82919311523438,21462400
2024-12-09 00:00:00-05:00,173.28134907482925,175.57236409115308,172.9725456881121,174.6858367919922,25389600
2024-12-10 00:00:00-05:00,182.13667521959667,185.63297660419835,180.34369430470025,184.44761657714844,54813000
2024-12-11 00:00:00-05:00,184.5870622814724,194.8468827437387,184.12886535477608,194.6376953125,67894100
2024-12-12 00:00:00-05:00,194.23925408402715,194.41854456138273,190.96209592074564,191.21112060546875,34817500
2024-12-13 00:00:00-05:00,190.2648278463795,191.97811901209872,188.90017734316862,189.07948303222656,25143500
2024-12-16 00:00:00-05:00,192.11756882122688,198.22365926952406,191.8685441236521,195.89279174804688,44934900
2024-12-17 00:00:00-05:00,196.48048589662955,200.6342160179093,194.21933739249496,194.65762329101562,43504000
2024-12-18 00:00:00-05:00,194.45842549322595,196.231480292107,187.00761009122783,187.66502380371094,34166100
2024-12-19 00:00:00-05:00,190.88242054359256,192.27695280314458,187.64509939888953,187.7745819091797,32265200
2024-12-20 00:00:00-05:00,185.0552429190991,192.13750634222802,184.49742999563804,190.6632843017578,63462900
2024-12-23 00:00:00-05:00,191.86854398568468,194.3388799273183,189.40817875947414,193.87071228027344,25675000
2024-12-24 00:00:00-05:00,194.0799055884088,195.34495544433594,193.02404318868335,195.34495544433594,10403300
2024-12-26 00:00:00-05:00,194.38868793025316,195.98245219810025,193.62170274567876,194.83694458007812,12046600
2024-12-27 00:00:00-05:00,194.18945436832726,194.558021252894,189.906226569023,192.00799560546875,18891400
2024-12-30 00:00:00-05:00,189.0595575397149,191.7988292724579,188.3822024440024,190.4939422607422,14264700
2024-12-31 00:00:00-05:00,190.33456284838633,191.21113466683676,187.77458160553064,188.56150817871094,17466900
2025-01-02 00:00:00-05:00,189.90623605246924,191.25097555403835,186.76853081449056,188.6909942626953,20370800
2025-01-03 00:00:00-05:00,190.62343412562188,192.45626758091493,189.23885731709424,191.0417938232422,18596200
2025-01-06 00:00:00-05:00,193.2232644718959,197.44672936937255,193.09378194764346,196.10198974609375,29563600
2025-01-07 00:00:00-05:00,196.34104650196386,200.21587045148732,193.84084384019965,194.7273712158203,26487200
2025-01-08 00:00:00-05:00,191.818768515616,195.52424236393108,191.62950729663424,193.19337463378906,24864800
2025-01-10 00:00:00-05:00,193.54201039861906,195.75335107074358,189.5675704988791,191.2908172607422,26665200
2025-01-13 00:00:00-05:00,189.32851141262705,190.43416651970912,186.62907690279673,190.26483154296875,21823700
2025-01-14 00:00:00-05:00,190.4939429327445,191.23104632862814,187.57536549994643,188.92010498046875,17174900
2025-01-15 00:00:00-05:00,192.336729949174,195.5939775570945,191.11153257710336,194.78713989257812,21776000
2025-01-16 00:00:00-05:00,193.3826375623353,194.71740642480486,192.05782421701394,192.15744018554688,17815400
2025-01-17 00:00:00-05:00,195.76329797481387,196.46056410218043,192.9941444980855,195.23536682128906,27735100
2025-01-21 00:00:00-05:00,198.29341465676947,201.50083912074155,197.09808382134892,197.2773895263672,29971300
2025-01-22 00:00:00-05:00,198.28344103159932,199.6978996202174,196.7594109579838,197.59613037109375,26200600
2025-01-23 00:00:00-05:00,197.36703633289733,199.51861361447575,194.4385031217372,197.20765686035156,26951400
2025-01-24 00:00:00-05:00,197.32718592161126,200.11625050908367,197.22756995808922,199.428955078125,23877500
2025-01-27 00:00:00-05:00,191.65938720339696,196.11195036774717,189.98593319836488,191.0617218017578,41728900
2025-01-28 00:00:00-05:00,191.99804618358004,194.71739168696277,189.93611434526252,194.53810119628906,24157900
2025-01-29 00:00:00-05:00,194.79709857472477,196.02229596670227,192.6754030526252,194.64768981933594,18218300
2025-01-30 00:00:00-05:00,197.22756600165175,200.6142959037936,196.89885156773758,200.08636474609375,24354700
2025-01-31 00:00:00-05:00,201.21196665384008,204.6783863780237,201.0127499247283,203.22409057617188,32001100
2025-02-03 00:00:00-05:00,199.90707487204236,202.9551348332388,199.31938021531738,200.44496154785156,27838300
2025-02-04 00:00:00-05:00,202.59653399897414,206.2422592489475,202.0187948719897,205.5748748779297,43856400
2025-02-05 00:00:00-05:00,190.32460742693195,191.998046136523,187.29645852491726,190.58358764648438,70373900
2025-02-06 00:00:00-05:00,188.76074056252688,191.35060376868358,187.98378464053243,190.85255432128906,29297400
2025-02-07 00:00:00-05:00,190.3046897826863,190.43417229867478,182.52516013677956,184.61695861816406,49315000
2025-02-10 00:00:00-05:00,186.61912556239702,187.46580046504565,185.13493280467802,185.7425537109375,23105600
2025-02-11 00:00:00-05:00,184.3081687207876,186.21072116923287,183.56109458441756,184.5970458984375,21239500
2025-02-12 00:00:00-05:00,182.50524456499636,184.38787090784842,181.12066768003388,182.8937225341797,22072600
2025-02-13 00:00:00-05:00,183.6009416706382,185.5532868448968,182.42553716023775,185.41383361816406,21402500
2025-02-14 00:00:00-05:00,184.3380502737544,185.67281908148942,183.60094685418304,184.50738525390625,20448400
2025-02-18 00:00:00-05:00,184.87594800082087,185.23454418579348,181.03100592832718,183.05308532714844,29916700
2025-02-19 00:00:00-05:00,183.35192561125757,184.73650242741212,182.8737872119756,184.5472412109375,19549400
2025-02-20 00:00:00-05:00,184.07905024850896,184.5870551343315,182.00716304475998,183.83998107910156,20441500
2025-02-21 00:00:00-05:00,184.42767889722575,184.61694009305896,178.38136734197036,178.9591064453125,35199200
2025-02-24 00:00:00-05:00,181.28002106421596,182.40560234155157,178.19210879001352,178.5507049560547,29854200
2025-02-25 00:00:00-05:00,177.3454308360551,178.04271218366185,174.0085088406691,174.73565673828125,41913400
2025-02-26 00:00:00-05:00,174.38701976901885,175.39307405965482,170.9106295738481,172.05613708496094,35431300
2025-02-27 00:00:00-05:00,173.31123936714644,173.87900779159736,167.28483845921406,167.8426513671875,39991000
2025-02-28 00:00:00-05:00,168.02194319125016,169.94442183496423,166.11940597917265,169.61570739746094,48130600
2025-03-03 00:00:00-05:00,171.2592638730811,172.69364861452485,165.28267091657344,166.35845947265625,40770500
2025-03-04 00:00:00-05:00,165.5914841182232,172.6139690982364,165.15319817693035,170.2532196044922,45388000
2025-03-05 00:00:00-05:00,169.8547695105912,173.10204608630403,168.40045859307807,172.3450164794922,30954900
2025-03-06 00:00:00-05:00,169.8647356201999,174.12803748089462,169.83485387065045,171.67764282226562,28302000
2025-03-07 00:00:00-05:00,170.5918843353401,174.28741777289434,169.60575619699736,173.18174743652344,27385800
2025-03-10 00:00:00-04:00,167.7966101322015,167.99607150995365,163.23920372577845,165.41319274902344,43604000
2025-03-11 00:00:00-04:00,164.4558560210946,166.29078517095678,160.9255963482493,163.58824157714844,39587400
2025-03-12 00:00:00-04:00,166.12124110886077,167.17831943801426,163.07963775446962,166.6497802734375,28372400
2025-03-13 00:00:00-04:00,165.58271795856493,165.67248166266438,161.6635485106855,162.31175231933594,31756200
2025-03-14 00:00:00-04:00,162.8203685104477,166.0315020416508,162.00261943703092,165.0342559814453,31995900
2025-03-17 00:00:00-04:00,164.57552252303753,165.84202932963498,163.21926721954216,163.83755493164062,31184300
2025-03-18 00:00:00-04:00,163.2292134435371,163.79765095180105,156.28838999765335,160.22750854492188,42074800
2025-03-19 00:00:00-04:00,161.31450558479577,165.41318720526314,160.5566041117451,163.4386444091797,34275600
2025-03-20 00:00:00-04:00,161.12506086024152,164.43591002375265,160.5167401261188,162.35166931152344,28138500
2025-03-21 00:00:00-04:00,160.7660482116765,163.7877026347692,160.44692216012342,163.53839111328125,36625800
2025-03-24 00:00:00-04:00,166.60991043967152,167.85646804378672,164.68521758619846,167.2182159423828,30879100
2025-03-25 00:00:00-04:00,168.51462053018605,170.16008551836464,167.85644975168057,170.09027099609375,24174400
2025-03-26 00:00:00-04:00,168.53459028680902,169.14291101426645,164.3860428738787,164.60543823242188,28901600
2025-03-27 00:00:00-04:00,164.1766304631432,164.96444818748884,161.55386834836875,161.793212890625,24508300
2025-03-28 00:00:00-04:00,160.0480386603904,161.37437785404254,153.2069295238927,153.90499877929688,48669300
2025-03-31 00:00:00-04:00,152.68834136730996,155.11164193370462,150.24509161947617,154.21412658691406,54603500
2025-04-01 00:00:00-04:00,153.19693997672525,157.66461343058796,153.19693997672525,156.637451171875,30672900
2025-04-02 00:00:00-04:00,154.72270392156926,157.9737354754909,154.2739462849113,156.6074981689453,25041700
2025-04-03 00:00:00-04:00,150.69384170810525,152.35924068042604,149.97582338010557,150.30491638183594,46883400
2025-04-04 00:00:00-04:00,147.60238713771614,150.65397293111235,144.9796402891217,145.19903564453125,62259500
2025-04-07 00:00:00-04:00,141.1601793715283,152.42906261628312,140.14298415460087,146.34585571289062,76794100
2025-04-08 00:00:00-04:00,150.80354683062922,151.82074204837693,142.63609935843277,144.30149841308594,52200200
2025-04-09 00:00:00-04:00,144.0222787835972,159.11061702523395,143.51368875470308,158.27293395996094,70406200
2025-04-10 00:00:00-04:00,156.10888048544342,157.28563866565491,149.51708388683267,152.39913940429688,48022000
2025-04-11 00:00:00-04:00,152.47891611104427,157.2357840662013,152.39914981719627,156.70724487304688,33636200
2025-04-14 00:00:00-04:00,159.5593589601424,161.27462328630523,157.12607630131762,158.63192749023438,30333000
2025-04-15 00:00:00-04:00,158.6917731015249,159.2103301054895,154.78257030571797,155.87953186035156,27551500
2025-04-16 00:00:00-04:00,152.67836778458886,155.46067741277207,151.09273508921532,152.90773010253906,28187400
2025-04-17 00:00:00-04:00,153.86508310192784,154.25400844452392,148.09103529003713,150.74371337890625,33046600
2025-04-21 00:00:00-04:00,148.46999532680982,148.53979463690146,145.6976525525358,147.26332092285156,26049100
2025-04-22 00:00:00-04:00,148.47995987784566,151.77087479980403,148.13091768280205,151.0528564453125,26971800
2025-04-23 00:00:00-04:00,155.1814586711159,157.09616926384234,153.38641273519517,154.92218017578125,31128800
2025-04-24 00:00:00-04:00,155.7199692710382,159.15049822016638,155.36096007364648,158.8413543701172,45894000
2025-04-25 00:00:00-04:00,164.61541287682232,165.6425750916004,160.59649729347288,161.51397705078125,56034000
2025-04-28 00:00:00-04:00,161.98265861948803,162.70067694860023,158.16321987401656,160.1676788330078,29745800
2025-04-29 00:00:00-04:00,159.87849612757626,160.29733764803302,157.086204107764,159.71893310546875,26809000
2025-04-30 00:00:00-04:00,157.54493703861002,158.83139304877153,154.97204023505506,158.36268615722656,34981100
2025-05-01 00:00:00-04:00,160.00812396444732,161.5039930234171,158.47237175928248,160.8557891845703,30203200
2025-05-02 00:00:00-04:00,162.95997467027814,164.51567601619934,161.42420728854916,163.57826232910156,25715000
2025-05-05 00:00:00-04:00,162.551092409754,164.93450965911595,162.27186475669814,163.7577667236328,21341800
2025-05-06 00:00:00-04:00,161.72339340187466,164.3461554362482,160.74609651363122,162.7804718017578,21277200
2025-05-07 00:00:00-04:00,163.62812539619352,164.5455898895658,147.43284488902702,150.96310424804688,127490100
2025-05-08 00:00:00-04:00,154.57315149382438,155.50058309873845,152.47892851591033,153.85513305664062,57498700
2025-05-09 00:00:00-04:00,153.7454179749914,154.62299934708025,151.78084208678038,152.32933044433594,32435300
2025-05-12 00:00:00-04:00,157.0562755246952,158.66184216787673,155.81968502629073,158.0236053466797,44138800
2025-05-13 00:00:00-04:00,158.35270013902556,160.12781218093087,155.72995326636035,159.09066772460938,42382100
2025-05-14 00:00:00-04:00,159.51949150800576,166.5400972975048,159.170449289238,164.91458129882812,48755900
2025-05-15 00:00:00-04:00,165.3832808496498,165.75227223459135,161.92283584781248,163.5084686279297,33146700
2025-05-16 00:00:00-04:00,167.26806720706887,168.88361607338598,165.16387753981013,165.73231506347656,42846900
2025-05-19 00:00:00-04:00,164.0569364118495,166.18107529267584,163.7677417629434,166.0813446044922,30426100
2025-05-20 00:00:00-04:00,165.9716462897934,168.03595283640126,162.45136908866291,163.5283966064453,46607700
2025-05-21 00:00:00-04:00,163.2392111991083,172.66318349220677,163.1095643409873,168.09579467773438,73416000
2025-05-22 00:00:00-04:00,171.3767414156938,176.28319020253375,170.23988151650855,170.39942932128906,74864400
2025-05-23 00:00:00-04:00,168.5944139952117,169.49194456610303,167.42763794814334,168.00604248046875,35211400
2025-05-27 00:00:00-04:00,169.69138381086714,172.69308880696215,169.53182079809207,172.423828125,37995700
2025-05-28 00:00:00-04:00,172.6831300854681,174.7873198647011,171.4365725199691,171.8853302001953,34784000
2025-05-29 00:00:00-04:00,173.5208093888165,173.93965089581198,170.1600951338123,171.38670349121094,29317300
2025-05-30 00:00:00-04:00,170.87811871209726,171.73575093359455,166.97888295989642,171.2670440673828,52639900
2025-06-02 00:00:00-04:00,167.37777366516244,169.40218193277036,166.92901598525125,168.5644989013672,38612300
2025-06-03 00:00:00-04:00,167.0287408798973,168.01600469808255,164.82482048675826,165.7223358154297,45084900
2025-06-04 00:00:00-04:00,166.28081407126308,167.75673398423967,165.90185569784677,167.5872039794922,26900800
2025-06-05 00:00:00-04:00,169.87088888051295,170.45926039928958,167.1284622369502,167.74676513671875,36379100
2025-06-06 00:00:00-04:00,170.35954849552294,174.01943975782734,170.35954849552294,173.20169067382812,35731800
2025-06-09 00:00:00-04:00,174.27002138780236,176.1970440586742,174.1002861656323,175.817626953125,28935900
2025-06-10 00:00:00-04:00,175.92747903926403,180.8298886948226,174.63948090794972,178.3237762451172,61766100
2025-06-11 00:00:00-04:00,179.49195401036374,180.09101684926247,176.47662077845203,177.07569885253906,31646800
2025-06-12 00:00:00-04:00,175.90749122267417,176.44666452455314,174.47971034788216,175.42823791503906,20941900
2025-06-13 00:00:00-04:00,172.17329464872896,176.85604320367563,172.1233689351953,174.39984130859375,27663100
2025-06-16 00:00:00-04:00,174.45974398959817,176.66633252587772,174.37986589593493,176.49659729003906,27389200
2025-06-17 00:00:00-04:00,175.4282431183839,177.08567926563504,174.30998028900405,175.6778564453125,24973000
2025-06-18 00:00:00-04:00,175.73776761612697,176.28692000243774,172.93211615674434,173.05194091796875,28707500
2025-06-20 00:00:00-04:00,173.68095462694552,174.07035081830173,165.20409556084024,166.38226318359375,75659900
2025-06-23 00:00:00-04:00,166.0128253516346,167.08116240174218,161.7494257286143,164.9344940185547,57671000
2025-06-24 00:00:00-04:00,166.66183161080377,167.95982401484335,165.87306016657053,166.51206970214844,40524300
2025-06-25 00:00:00-04:00,167.3707300173257,172.0934098171055,167.29085192583665,170.41600036621094,35479000
2025-06-26 00:00:00-04:00,172.16330733603075,173.4213683331891,169.6771681943881,173.27159118652344,31796700
2025-06-27 00:00:00-04:00,173.27158802075178,178.40363764116194,171.46438989107267,178.25387573242188,108140200
2025-06-30 00:00:00-04:00,180.5003780733202,180.94967899066734,174.30997094439113,175.95741271972656,63378900
2025-07-01 00:00:00-04:00,175.46818749328466,175.81763700531283,173.26159900853952,175.56802368164062,35904500
2025-07-02 00:00:00-04:00,175.26848197683447,178.58335417760583,174.79922295185074,178.3636932373047,29128900
2025-07-03 00:00:00-04:00,178.22391365801445,179.39210218822254,176.7761594232363,179.2523193359375,21689700
2025-07-07 00:00:00-04:00,178.78304908898676,179.0226833705182,175.40827199123135,176.5165557861328,34175600
2025-07-08 00:00:00-04:00,177.5749242496101,177.67476043779465,172.54271112131266,174.09031677246094,40442500
2025-07-09 00:00:00-04:00,174.97894087050608,179.1624626362242,172.50278095171484,176.34681701660156,43025600
2025-07-10 00:00:00-04:00,175.35836349959487,178.15402063985096,174.11029683512743,177.34527587890625,29252400
2025-07-11 00:00:00-04:00,176.51656530489134,181.14938835134018,176.20704719654847,179.91131591796875,34282900
2025-07-14 00:00:00-04:00,180.7300224544814,183.3859118317051,179.40207776586954,181.2791748046875,32536600
2025-07-15 00:00:00-04:00,182.5272506181519,183.93507346834292,181.31913062189142,181.718505859375,33448300
2025-07-16 00:00:00-04:00,182.95659839065306,184.04490889196538,181.74846312672318,182.68701171875,33104200
2025-07-17 00:00:00-04:00,181.85827589550698,183.77530432362263,180.20083982993623,183.29605102539062,31992600
2025-07-18 00:00:00-04:00,185.11324367348885,186.1316703490662,183.42587032160213,184.77377319335938,34014500
2025-07-21 00:00:00-04:00,185.9619330750015,189.99567783258155,185.86208164773134,189.8059844970703,45803100
2025-07-22 00:00:00-04:00,191.20380830960463,191.35357021159422,187.17006365240448,191.04405212402344,44660200
2025-07-23 00:00:00-04:00,191.20381577219638,192.23222149983224,188.88739669642578,189.93577575683594,58681900
2025-07-24 00:00:00-04:00,196.7252403051011,197.64381545602902,190.70456849752816,191.8727569580078,74881700
2025-07-25 00:00:00-04:00,191.68305419336826,194.02942546808288,190.96416662133603,192.88119506835938,39785900
2025-07-28 00:00:00-04:00,193.35047209995227,193.7498625541434,190.54482081320737,192.28213500976562,38139500
2025-07-29 00:00:00-04:00,192.13236281084488,195.61697034161693,191.78291329403916,195.44723510742188,41389200
2025-07-30 00:00:00-04:00,195.2974741739121,197.2943808004953,194.3888780023715,196.2260284423828,32445400
2025-07-31 00:00:00-04:00,195.40729975764043,195.68686545955075,190.79443520574372,191.60317993164062,51329200
2025-08-01 00:00:00-04:00,188.73762721302066,190.53484621084553,187.52950724447476,188.8374786376953,34832200
2025-08-04 00:00:00-04:00,189.9956738002762,194.96798225717674,189.82593856567027,194.7383270263672,31547400
2025-08-05 00:00:00-04:00,194.40884314692985,197.55396485726567,193.5901041516216,194.368896484375,31602300
2025-08-06 00:00:00-04:00,194.1991754853375,196.3258859841649,193.3704573812648,195.78671264648438,21562900
2025-08-07 00:00:00-04:00,196.75520727948205,197.23446060352177,194.0294340028213,196.21604919433594,26321800
2025-08-08 00:00:00-04:00,196.9149587094283,202.29662132319493,196.86503299798275,201.10845947265625,39161800
2025-08-11 00:00:00-04:00,200.62921267003748,201.16837075965444,198.76210983585918,200.68911743164062,25832400
2025-08-12 00:00:00-04:00,201.0585431482033,204.18370696130674,200.27975076589462,203.02549743652344,30397900
2025-08-13 00:00:00-04:00,203.81427054832747,204.21364576160173,197.2044995517677,201.6476287841797,28342900
2025-08-14 00:00:00-04:00,201.18833871082708,204.12379383237695,200.91875205563483,202.62611389160156,25230400
2025-08-15 00:00:00-04:00,203.534714766441,206.12070520105007,200.96868242883633,203.58462524414062,34931400
2025-08-18 00:00:00-04:00,203.88415594549542,204.9525082638803,202.17680937496152,203.18524169921875,18526600
2025-08-19 00:00:00-04:00,202.7159730378366,203.1253425488118,199.65072931767816,201.25823974609375,24240200
2025-08-20 00:00:00-04:00,200.41952632200108,200.9686786831588,196.29592455953664,199.01171875,28955500
2025-08-21 00:00:00-04:00,199.44105529785156,202.1668286588479,199.12154291514705,199.44105529785156,19774600
2025-08-22 00:00:00-04:00,202.41643648326647,208.21744781149425,200.98865555430208,205.771240234375,42827000
2025-08-25 00:00:00-04:00,206.11069972619865,210.19438514977915,204.9624845680577,208.1675262451172,29928900
2025-08-26 00:00:00-04:00,207.18903343187435,207.52851912382437,205.3818354433132,206.81961059570312,28464100
2025-08-27 00:00:00-04:00,205.38184246485358,208.58688428789492,205.3319167524022,207.15908813476562,23022900
2025-08-28 00:00:00-04:00,206.92944327697995,211.8917573213033,206.57997853322107,211.31265258789062,32339300
2025-08-29 00:00:00-04:00,210.1844065843309,214.31800279201352,209.87488848734807,212.58070373535156,39728400
2025-09-02 00:00:00-04:00,208.11761422314743,211.3525932568575,205.88107328271496,211.0231170654297,47523000
2025-09-03 00:00:00-04:00,225.86013881710127,230.95224175670688,224.4423216543269,230.30325317382812,103336100
2025-09-04 00:00:00-04:00,229.2947939629136,232.01058815431742,225.76027598883607,231.94070434570312,51684200
2025-09-05 00:00:00-04:00,231.84086323662245,235.39535470067108,231.5413241866342,234.63653564453125,46588900
2025-09-08 00:00:00-04:00,235.31608185012894,237.97434675109136,233.5172554040335,233.8870086669922,32474700
2025-09-09 00:00:00-04:00,234.0169206603603,240.3128053844981,233.07753270088136,239.47335815429688,38061000
2025-09-10 00:00:00-04:00,238.74382884116824,241.50203443312756,237.6945274082077,239.01365661621094,35141100
2025-09-11 00:00:00-04:00,239.7232054178332,242.09165136894262,236.09557331646107,240.21287536621094,30599300
2025-09-12 00:00:00-04:00,240.21286654309478,241.92175543476245,237.84442067897936,240.64259338378906,26771600
2025-09-15 00:00:00-04:00,244.5000723057695,252.24500622225327,244.5000723057695,251.44552612304688,58383800
2025-09-16 00:00:00-04:00,251.91521585326547,252.87457975705254,249.30692141357196,250.99581909179688,34109700
2025-09-17 00:00:00-04:00,251.0557800198683,251.43553649547647,246.11900683222018,249.36688232421875,34108000
2025-09-18 00:00:00-04:00,251.51547232528497,253.82397511354577,249.6367116291099,251.86524963378906,31239500
2025-09-19 00:00:00-04:00,253.08445699569828,255.83265939150547,251.64539584681071,254.55349731445312,55571400
2025-09-22 00:00:00-04:00,254.2636811395151,255.6128047936517,250.13639113793755,252.36492919921875,32290500
2025-09-23 00:00:00-04:00,252.8745862102155,254.1937306726042,250.31626206974443,251.49549865722656,26628000
2025-09-24 00:00:00-04:00,251.49550432970327,252.18505574615793,246.2789151995329,246.97845458984375,28201000
2025-09-25 00:00:00-04:00,244.24022750230412,246.32887284028934,240.58263166512353,245.6293182373047,31020400
2025-09-26 00:00:00-04:00,246.90849752367055,249.25695217808112,245.80921049475367,246.3788299560547,18503200
2025-09-29 00:00:00-04:00,247.6879914773483,250.98582213384148,242.61131034259105,243.89047241210938,32505800
2025-09-30 00:00:00-04:00,242.65128209661555,243.13096406959585,239.09361157011617,242.94110107421875,34724300
2025-10-01 00:00:00-04:00,240.59263270567308,246.13900797357311,238.45403213601972,244.7399139404297,31658200
2025-10-02 00:00:00-04:00,244.98974812584623,246.64866670301694,242.14162021805868,245.52940368652344,25483300
2025-10-03 00:00:00-04:00,244.33018254314118,246.138996907564,241.5020306823554,245.1896209716797,30249600
2025-10-06 00:00:00-04:00,244.61999567020933,251.1557292673991,244.42012945214807,250.26629638671875,28894700
2025-10-07 00:00:00-04:00,248.10771903747053,250.27629875611288,245.35951661425605,245.59934997558594,23181300
2025-10-08 00:00:00-04:00,244.79988761332393,245.84918907751907,243.66063338889384,244.46009826660156,21307100
2025-10-09 00:00:00-04:00,244.3101967172578,244.60000044134677,238.99366696134817,241.3721160888672,27892100
2025-10-10 00:00:00-04:00,241.27216783484693,243.93043262992407,235.6858257251368,236.4153594970703,33180300
2025-10-13 00:00:00-04:00,240.05299046060216,244.34017953936018,239.55331729181,243.9904022216797,24995000
2025-10-14 00:00:00-04:00,241.07230809804528,246.95845730298234,240.35277752895155,245.28955078125,22111600
2025-10-15 00:00:00-04:00,247.0883778879278,251.94520161834686,245.82920701293574,250.86590576171875,27007700
2025-10-16 00:00:00-04:00,251.60541868813706,256.79201310331337,249.93651222042618,251.29562377929688,27997200
2025-10-17 00:00:00-04:00,250.59608169913423,254.05382673080507,247.64801305801078,253.13442993164062,29671600
2025-10-20 00:00:00-04:00,254.52352413042843,257.1617826336821,254.06381810029453,256.3822937011719,22350200
2025-10-21 00:00:00-04:00,254.5734808325197,254.71338870395212,243.99039197294186,250.29627990722656,47312100
2025-10-22 00:00:00-04:00,254.20372304336274,256.19241249616164,249.12704181794433,251.52548217773438,35029400
2025-10-23 00:00:00-04:00,252.81462530948346,254.8732762688867,251.68537434804077,252.91456604003906,19901400
2025-10-24 00:00:00-04:00,256.412278354529,261.5089509442133,255.1531226659378,259.7501220703125,28655100
2025-10-27 00:00:00-04:00,264.6468909460984,269.9634205104271,264.10723541197956,269.0939636230469,35235200
2025-10-28 00:00:00-04:00,269.5137161039883,270.5530448339537,266.3257988486908,267.295166015625,29738600
2025-10-29 00:00:00-04:00,267.57498405043395,275.1600191542769,267.49504976173847,274.3905334472656,43580300
2025-10-30 00:00:00-04:00,291.3993974290424,291.3993974290424,279.87693527724974,281.2960205078125,74876000
2025-10-31 00:00:00-04:00,283.02486366213384,285.81304844327684,276.8489107040144,281.0061950683594,39267900
2025-11-03 00:00:00-05:00,281.9955439895644,285.3433603410046,279.61709481156873,283.5345458984375,29786000
2025-11-04 00:00:00-05:00,276.56908942406625,281.0861237356038,276.07941949471564,277.35858154296875,30078400
2025-11-05 00:00:00-05:00,278.6876991693174,286.23278206992967,277.15870054271744,284.1241455078125,31010300
2025-11-06 00:00:00-05:00,285.14348075532007,288.1615262521665,280.9562476047489,284.5638732910156,37173600
2025-11-07 00:00:00-05:00,283.0248465894465,283.59448127875606,275.0101005397699,278.647705078125,34479600
2025-11-10 00:00:00-05:00,284.23409016650885,290.6098939896417,282.6750818691635,289.9103698730469,29557300
2025-11-11 00:00:00-05:00,287.56189748708465,291.72918497214437,287.1321858980205,291.11956787109375,19842100
2025-11-12 00:00:00-05:00,291.4893355792204,291.8191369528623,283.504568014819,286.5225830078125,24829900
2025-11-13 00:00:00-05:00,282.15543354563385,282.65510670070455,277.0587612643864,278.3879089355469,29494000
2025-11-14 00:00:00-05:00,271.23257767900105,278.3778974858086,270.52305035910666,276.22930908203125,31647200
2025-11-17 00:00:00-05:00,285.59319216713175,293.7578650793077,283.38464532335746,284.83367919921875,52670200
2025-11-18 00:00:00-05:00,287.7318125744744,288.61121173854644,278.0181648979437,284.09417724609375,49158700
2025-11-19 00:00:00-05:00,286.9722907427786,303.6114007455407,286.44263841708545,292.61859130859375,68198900
2025-11-20 00:00:00-05:00,304.3409354639468,306.2197114167213,288.48131431646567,289.26080322265625,62025200
2025-11-21 00:00:00-05:00,296.2262391249899,303.7213362601199,293.6579118539212,299.464111328125,74137700
2025-11-24 00:00:00-05:00,310.9266228942269,319.27117069793417,309.39762425695875,318.3717346191406,85165100
2025-11-25 00:00:00-05:00,325.9967549915166,328.6150374741804,317.4423529194355,323.22857666015625,88632100
2025-11-26 00:00:00-05:00,320.4703785574214,324.287888914303,316.58293713459693,319.7408752441406,51373400
2025-11-28 00:00:00-05:00,323.15862038246837,326.6363566172421,316.5829348985448,319.970703125,26018600
2025-12-01 00:00:00-05:00,317.49233426982363,319.6409227326276,313.684827275924,314.6841735839844,41183000
2025-12-02 00:00:00-05:00,316.5329308632399,318.17187340075924,313.7047943107319,315.6035461425781,35854700
2025-12-03 00:00:00-05:00,315.68353592029735,321.369788644051,313.89469739870816,319.42108154296875,41838300
2025-12-04 00:00:00-05:00,322.0193865832628,322.14927599125497,314.4943097586067,317.4123840332031,31240900
2025-12-05 00:00:00-05:00,319.28113189003057,322.9487461411032,318.961364259978,321.0599670410156,28851700
2025-12-08 00:00:00-05:00,320.04998779296875,320.44000244140625,311.2200012207031,313.7200012207031,33909400
2025-12-09 00:00:00-05:00,312.3699951171875,317.989990234375,311.8999938964844,317.0799865722656,30194000
2025-12-10 00:00:00-05:00,315.8299865722656,321.30999755859375,314.67999267578125,320.2099914550781,33428900
2025-12-11 00:00:00-05:00,320.0799865722656,321.1199951171875,308.6000061035156,312.42999267578125,42353700
2025-12-12 00:00:00-05:00,313.70001220703125,314.8699951171875,305.55999755859375,309.2900085449219,35940200
2025-12-15 00:00:00-05:00,311.32000732421875,311.4200134277344,304.8800048828125,308.2200012207031,29151900
2025-12-16 00:00:00-05:00,304.95001220703125,310.7699890136719,302.5899963378906,306.57000732421875,30585000
2025-12-17 00:00:00-05:00,308.010009765625,308.0899963378906,296.1199951171875,296.7200012207031,43930400
2025-12-18 00:00:00-05:00,301.7200012207031,303.9599914550781,299.2300109863281,302.4599914550781,33518000
2025-12-19 00:00:00-05:00,301.7300109863281,307.25,300.9700012207031,307.1600036621094,59943200
2025-12-22 00:00:00-05:00,309.8800048828125,310.1300048828125,305.29998779296875,309.7799987792969,26429900
2025-12-23 00:00:00-05:00,309.6300048828125,314.94000244140625,309.32000732421875,314.3500061035156,25478700
2025-12-24 00:00:00-05:00,314.7699890136719,315.0799865722656,311.9200134277344,314.0899963378906,10097400
2025-12-26 00:00:00-05:00,314.4800109863281,315.0899963378906,312.2799987792969,313.510009765625,10899000
2025-12-29 00:00:00-05:00,311.3699951171875,314.0199890136719,310.6199951171875,313.55999755859375,19621800
2025-12-30 00:00:00-05:00,312.5,316.95001220703125,312.4599914550781,313.8500061035156,17380900
2025-12-31 00:00:00-05:00,312.8500061035156,314.5799865722656,311.44000244140625,313.0,16377700
2026-01-02 00:00:00-05:00,316.8999938964844,322.5,310.3299865722656,315.1499938964844,32009400
2026-01-05 00:00:00-05:00,317.6600036621094,319.0199890136719,314.6300048828125,316.5400085449219,30195600
2026-01-06 00:00:00-05:00,316.3999938964844,320.94000244140625,311.7799987792969,314.3399963378906,31212100
2026-01-07 00:00:00-05:00,314.3599853515625,326.1499938964844,314.19000244140625,321.9800109863281,35104400
2026-01-08 00:00:00-05:00,328.9700012207031,330.32000732421875,321.5,325.44000244140625,31896100
2026-01-09 00:00:00-05:00,327.0899963378906,330.8299865722656,325.79998779296875,328.57000732421875,26214200
2026-01-12 00:00:00-05:00,325.79998779296875,334.0400085449219,325.0,331.8599853515625,33923900
2026-01-13 00:00:00-05:00,334.95001220703125,340.489990234375,333.6199951171875,335.9700012207031,33517600
2026-01-14 00:00:00-05:00,335.05999755859375,336.5199890136719,330.4800109863281,335.8399963378906,28525600
2026-01-15 00:00:00-05:00,337.6499938964844,337.69000244140625,330.739990234375,332.7799987792969,28403800
