ticker,name,sector,price,traditional_score,reputation_score,composite_score,momentum_1m,momentum_3m,sharpe_ratio,volatility,volume_avg,date,rank
COMM,COMM,Unknown,15.96,2.68,1.0,29.959,96.55,154.14,2.68,15.92,11886300.0,2025-08-28 22:48:20,1
NIO,NIO,Unknown,6.51,3.57,0.3,20.096,44.35,76.9,3.57,5.57,83557830.0,2025-08-28 22:47:20,2
NVDA,NVDA,Unknown,180.17,4.16,0.767,15.281,0.5,29.45,4.16,1.51,168254445.0,2025-08-28 22:46:00,3
INTC,INTC,Unknown,24.93,1.84,0.45,15.159,22.57,23.11,1.84,3.64,138819245.0,2025-08-28 22:46:42,4
SOXL,SOXL,Unknown,28.53,3.41,0.5,13.75,3.33,66.4,3.41,4.01,87781940.0,2025-08-28 22:48:13,5
MDB,MDB,Unknown,318.1,2.67,0.65,11.837,30.18,67.99,2.67,7.74,3973665.0,2025-08-28 22:47:13,6
HOOD,HOOD,Unknown,103.69,3.8,0.633,9.514,-2.27,62.14,3.8,3.21,40058830.0,2025-08-28 22:47:16,7
WDC,WDC,Unknown,82.04,5.96,0.8,9.307,14.85,56.41,5.96,2.42,6060190.0,2025-08-28 22:48:22,8
PLTR,PLTR,Unknown,158.12,2.26,0.767,9.262,-0.31,29.27,2.26,3.02,85110650.0,2025-08-28 22:47:06,9
AMD,AMD,Unknown,168.58,3.74,0.533,9.245,-6.09,49.15,3.74,2.82,63409475.0,2025-08-28 22:46:58,10
LSCC,LSCC,Unknown,66.66,3.32,0.533,8.969,26.15,44.88,3.32,3.61,3131480.0,2025-08-28 22:48:30,11
ANET,ANET,Unknown,136.23,3.8,1.0,8.92,11.58,57.73,3.8,3.67,9257795.0,2025-08-28 22:48:21,12
TQQQ,TQQQ,Unknown,92.7,3.34,0.5,8.344,3.36,32.1,3.34,2.4,58562280.0,2025-08-28 22:48:14,13
STX,STX,Unknown,172.38,5.08,0.6,8.242,16.93,46.69,5.08,2.22,2618855.0,2025-08-28 22:48:23,14
TME,TME,Unknown,24.9,3.9,0.633,8.079,18.01,42.37,3.9,2.78,7277765.0,2025-08-28 22:47:29,15
AAPL,AAPL,Unknown,232.56,2.96,0.533,7.85,11.37,16.44,2.96,1.6,58931550.0,2025-08-28 22:45:57,16
LNC,LNC,Unknown,42.77,3.26,0.7,7.311,25.06,30.22,3.26,2.65,1867735.0,2025-08-28 22:49:09,17
APA,APA,Unknown,22.98,2.94,0.533,7.072,17.97,34.33,2.94,2.34,7416345.0,2025-08-28 22:47:45,18
TER,TER,Unknown,117.89,3.17,0.767,6.859,9.51,45.58,3.17,4.01,3577745.0,2025-08-28 22:48:32,19
IVZ,IVZ,Unknown,22.06,4.37,0.4,6.859,3.71,51.03,4.37,3.23,4443055.0,2025-08-28 22:49:12,20
SPY,SPY,Unknown,648.92,4.18,0.5,6.807,2.28,10.3,4.18,0.64,67473230.0,2025-08-28 22:48:00,21
RBLX,RBLX,Unknown,126.88,3.47,0.3,6.633,1.55,49.64,3.47,3.9,9672380.0,2025-08-28 22:47:15,22
SHOP,SHOP,Unknown,141.54,2.14,0.767,6.42,15.06,31.42,2.14,4.57,9089325.0,2025-08-28 22:46:59,23
GOOGL,GOOGL,Unknown,211.64,3.84,0.7,6.213,7.69,23.3,3.84,1.32,28891065.0,2025-08-28 22:45:59,24
TSLA,TSLA,Unknown,345.98,0.03,0.633,6.111,8.44,-3.47,0.03,2.66,76094185.0,2025-08-28 22:46:01,25
JEF,JEF,Unknown,65.49,4.14,0.567,6.055,12.52,33.43,4.14,1.84,1450420.0,2025-08-28 22:49:15,26
ORCL,ORCL,Unknown,240.32,3.86,0.533,5.815,-4.1,47.84,3.86,1.92,10089145.0,2025-08-28 22:46:40,27
RF,RF,Unknown,27.33,4.21,0.8,5.707,6.34,28.2,4.21,1.72,15409665.0,2025-08-28 22:48:47,28
KEY,KEY,Unknown,19.35,3.53,0.3,5.623,6.55,21.32,3.53,1.47,27058315.0,2025-08-28 22:48:45,29
UPST,UPST,Unknown,73.76,2.9,0.65,5.549,-11.48,57.98,2.9,5.05,7968535.0,2025-08-28 22:47:18,30
IWM,IWM,Unknown,236.22,3.11,0.5,5.409,6.62,14.92,3.11,1.3,34003005.0,2025-08-28 22:48:02,31
MU,MU,Unknown,122.0,2.56,0.7,5.383,6.33,26.15,2.56,2.67,18093695.0,2025-08-28 22:46:39,32
BAC,BAC,Unknown,50.49,2.97,0.6,5.284,5.28,14.8,2.97,1.29,34793950.0,2025-08-28 22:46:52,33
QQQ,QQQ,Unknown,577.08,3.64,0.5,5.228,1.6,11.12,3.64,0.8,45438130.0,2025-08-28 22:48:01,34
ROKU,ROKU,Unknown,97.54,2.56,0.65,5.175,6.02,33.98,2.56,3.85,4351280.0,2025-08-28 22:47:01,35
C,C,Unknown,96.82,4.65,0.6,5.115,1.72,29.03,4.65,1.4,13725065.0,2025-08-28 22:46:50,36
AVGO,AVGO,Unknown,308.65,3.37,0.633,5.059,1.99,27.86,3.37,1.86,17619805.0,2025-08-28 22:46:16,37
AMG,AMG,Unknown,227.42,4.83,0.7,5.017,8.03,28.28,4.83,1.4,168270.0,2025-08-28 22:49:14,38
PDD,PDD,Unknown,122.22,3.26,0.767,4.997,8.24,24.35,3.26,1.97,8913365.0,2025-08-28 22:47:25,39
XPEV,XPEV,Unknown,21.91,0.91,0.45,4.917,21.52,9.0,0.91,3.78,10664380.0,2025-08-28 22:47:21,40
HBAN,HBAN,Unknown,17.8,2.5,0.8,4.838,7.36,14.36,2.5,1.44,25502360.0,2025-08-28 22:48:46,41
NET,NET,Unknown,213.42,3.05,0.65,4.797,6.26,30.01,3.05,2.4,2574540.0,2025-08-28 22:47:12,42
AMZN,AMZN,Unknown,231.6,1.89,0.633,4.765,0.61,12.59,1.89,2.08,42571785.0,2025-08-28 22:45:59,43
LRCX,LRCX,Unknown,104.09,2.86,0.767,4.605,5.05,23.99,2.86,2.27,11487065.0,2025-08-28 22:48:31,44
PFE,PFE,Unknown,24.6,1.22,0.567,4.509,3.32,6.71,1.22,1.77,43706915.0,2025-08-28 22:46:13,45
UBER,UBER,Unknown,95.96,1.97,0.633,4.462,9.49,13.83,1.97,1.66,18041110.0,2025-08-28 22:47:02,46
AMKR,AMKR,Unknown,24.66,2.45,0.567,4.388,3.01,32.31,2.45,4.13,1943675.0,2025-08-28 22:48:34,47
NTAP,NTAP,Unknown,117.22,2.85,0.633,4.31,11.96,18.73,2.85,1.62,1902455.0,2025-08-28 22:48:21,48
TCEHY,TCEHY,Unknown,76.9,2.85,0.633,4.298,10.74,19.69,2.85,2.09,1820315.0,2025-08-28 22:47:25,49
LYFT,LYFT,Unknown,16.14,0.68,0.467,4.293,15.09,5.11,0.68,3.04,21883725.0,2025-08-28 22:47:03,50
FITB,FITB,Unknown,45.6,3.62,0.8,4.214,8.01,20.07,3.62,1.28,3589925.0,2025-08-28 22:48:50,51
TFC,TFC,Unknown,46.79,3.47,0.6,4.203,7.01,19.61,3.47,1.36,6731715.0,2025-08-28 22:48:45,52
NXPI,NXPI,Unknown,239.07,2.52,0.7,4.2,8.21,22.61,2.52,2.23,2596140.0,2025-08-28 22:48:34,53
ADI,ADI,Unknown,254.25,2.82,0.633,4.188,10.01,18.38,2.82,1.82,3949330.0,2025-08-28 22:46:32,54
SLV,SLV,Unknown,35.52,2.78,0.5,4.181,6.0,17.23,2.78,1.33,14273055.0,2025-08-28 22:48:08,55
LOW,LOW,Unknown,257.54,2.49,0.6,4.179,13.24,15.11,2.49,1.57,3220310.0,2025-08-28 22:46:25,56
ZION,ZION,Unknown,57.82,3.25,0.8,4.152,7.56,22.16,3.25,1.55,1449515.0,2025-08-28 22:48:48,57
SNOW,SNOW,Unknown,241.0,1.59,0.55,4.148,9.41,19.12,1.59,4.49,6872875.0,2025-08-28 22:47:07,58
META,META,Unknown,751.11,2.01,0.7,4.055,8.04,16.53,2.01,2.58,10772565.0,2025-08-28 22:46:02,59
CMA,CMA,Unknown,70.82,3.36,0.8,3.996,4.19,24.75,3.36,1.91,1675620.0,2025-08-28 22:48:48,60
GS,GS,Unknown,751.22,4.38,0.633,3.992,2.8,24.82,4.38,1.37,1664530.0,2025-08-28 22:46:47,61
SYNA,SYNA,Unknown,71.37,2.03,0.65,3.943,9.99,19.69,2.03,2.87,508955.0,2025-08-28 22:48:28,62
T,T,Unknown,28.94,1.63,0.467,3.885,5.24,6.75,1.63,0.95,29711315.0,2025-08-28 22:46:55,63
SNPS,SNPS,Unknown,612.17,4.09,0.767,3.816,-5.14,34.55,4.09,2.02,1049390.0,2025-08-28 22:46:38,64
VLO,VLO,Unknown,151.16,2.33,0.467,3.8,9.35,17.99,2.33,1.85,2159020.0,2025-08-28 22:47:39,65
PNC,PNC,Unknown,205.62,3.69,0.8,3.765,6.79,18.45,3.69,1.21,1574965.0,2025-08-28 22:46:54,66
BK,BK,Unknown,106.1,4.44,0.8,3.726,3.71,19.75,4.44,0.99,3174305.0,2025-08-28 22:48:54,67
OXY,OXY,Unknown,47.51,2.04,0.5,3.706,6.98,15.23,2.04,1.33,10004720.0,2025-08-28 22:47:40,68
UNH,UNH,Unknown,302.29,0.4,0.533,3.69,13.63,2.1,0.4,3.57,20284735.0,2025-08-28 22:46:03,69
CVX,CVX,Unknown,159.32,3.37,0.4,3.681,4.91,16.81,3.37,1.03,8058990.0,2025-08-28 22:47:31,70
ALLY,ALLY,Unknown,41.05,2.72,0.3,3.666,8.15,17.28,2.72,1.56,2592745.0,2025-08-28 22:48:55,71
CRUS,CRUS,Unknown,115.36,1.95,0.767,3.661,11.0,15.58,1.95,2.32,665170.0,2025-08-28 22:48:27,72
SQQQ,SQQQ,Unknown,17.31,-3.17,0.5,3.658,-4.36,-25.69,-3.17,2.42,107023040.0,2025-08-28 22:48:14,73
ABBV,ABBV,Unknown,207.92,2.7,0.65,3.655,9.83,12.98,2.7,1.16,4610005.0,2025-08-28 22:46:18,74
COF,COF,Unknown,227.14,2.96,0.3,3.647,5.82,19.4,2.96,1.76,3266650.0,2025-08-28 22:48:44,75
MS,MS,Unknown,150.18,4.04,0.7,3.647,4.34,18.0,4.04,1.14,4494210.0,2025-08-28 22:46:48,76
JNJ,JNJ,Unknown,175.45,3.18,0.633,3.623,5.67,15.08,3.18,0.89,8399670.0,2025-08-28 22:46:04,77
CAT,CAT,Unknown,434.91,4.3,0.633,3.622,0.18,24.08,4.3,1.46,3249385.0,2025-08-28 22:46:44,78
DVN,DVN,Unknown,35.88,2.04,0.633,3.572,6.28,16.14,2.04,1.53,7663000.0,2025-08-28 22:47:41,79
BEN,BEN,Unknown,25.54,3.17,0.533,3.55,5.06,18.77,3.17,1.44,3556850.0,2025-08-28 22:49:11,80
QRVO,QRVO,Unknown,91.49,3.0,0.533,3.545,5.77,19.74,3.0,1.67,1510835.0,2025-08-28 22:48:26,81
PSX,PSX,Unknown,132.83,2.51,0.5,3.52,7.83,16.97,2.51,1.6,2010545.0,2025-08-28 22:47:38,82
JNPR,JNPR,Unknown,39.95,2.02,0.5,3.486,11.37,11.22,2.02,1.57,3819010.0,2025-08-28 22:48:19,83
CSCO,CSCO,Unknown,69.43,2.16,0.633,3.428,1.68,10.78,2.16,1.45,22682400.0,2025-08-28 22:46:41,84
CIEN,CIEN,Unknown,97.89,1.94,0.533,3.387,5.31,20.04,1.94,2.34,1676045.0,2025-08-28 22:48:19,85
RTX,RTX,Unknown,160.66,3.92,0.567,3.386,1.87,19.71,3.92,1.19,3834625.0,2025-08-28 22:46:29,86
BKR,BKR,Unknown,45.57,2.71,0.633,3.377,0.62,22.62,2.71,2.46,4923290.0,2025-08-28 22:47:37,87
SM,SM,Unknown,28.74,1.86,0.533,3.371,3.72,21.67,1.86,2.64,1986020.0,2025-08-28 22:47:52,88
TSM,TSM,Unknown,238.27,2.85,0.767,3.343,-1.91,21.3,2.85,1.76,10207575.0,2025-08-28 22:48:36,89
TMO,TMO,Unknown,489.74,2.47,0.633,3.282,2.61,21.42,2.47,2.55,1910660.0,2025-08-28 22:46:16,90
MSFT,MSFT,Unknown,509.64,2.91,0.633,3.258,-0.54,11.29,2.91,1.16,21695855.0,2025-08-28 22:45:58,91
USB,USB,Unknown,48.67,2.31,0.8,3.254,6.08,12.45,2.31,1.35,7839075.0,2025-08-28 22:46:53,92
HD,HD,Unknown,407.45,2.18,0.633,3.244,9.51,11.32,2.18,1.44,3613070.0,2025-08-28 22:46:07,93
TXN,TXN,Unknown,204.09,1.38,0.767,3.124,8.47,11.12,1.38,2.92,5701160.0,2025-08-28 22:46:23,94
STT,STT,Unknown,115.24,3.05,0.8,3.124,1.88,19.61,3.05,1.19,1572990.0,2025-08-28 22:48:53,95
VOYA,VOYA,Unknown,75.03,1.96,0.633,3.121,8.57,13.52,1.96,2.08,839010.0,2025-08-28 22:49:10,96
XOM,XOM,Unknown,113.35,2.23,0.567,3.119,2.24,11.41,2.23,1.13,15656595.0,2025-08-28 22:47:30,97
COP,COP,Unknown,98.45,2.5,0.633,3.108,2.68,15.96,2.5,1.24,6974085.0,2025-08-28 22:47:32,98
SLB,SLB,Unknown,36.48,1.25,0.633,3.104,6.76,9.23,1.25,1.93,12249030.0,2025-08-28 22:47:35,99
NTRS,NTRS,Unknown,130.99,3.05,0.8,3.103,-0.43,22.92,3.05,1.34,1026145.0,2025-08-28 22:48:52,100
TROW,TROW,Unknown,108.28,2.91,0.767,3.058,4.22,16.38,2.91,1.42,1285700.0,2025-08-28 22:49:13,101
HES,HES,Unknown,148.97,2.74,0.633,3.013,3.23,16.84,2.74,1.44,2532906.0,2025-08-28 22:47:43,102
BA,BA,Unknown,236.16,1.93,0.6,2.998,4.57,13.44,1.93,1.65,6111890.0,2025-08-28 22:46:46,103
TLT,TLT,Unknown,87.22,0.91,0.5,2.982,0.79,2.39,0.91,0.64,33557125.0,2025-08-28 22:48:06,104
COHU,COHU,Unknown,20.34,1.48,0.65,2.956,7.17,15.11,1.48,3.02,405070.0,2025-08-28 22:48:33,105
FFIV,FFIV,Unknown,318.4,2.41,0.7,2.922,6.49,13.48,2.41,1.56,472755.0,2025-08-28 22:48:18,106
AXP,AXP,Unknown,326.99,2.01,0.7,2.884,7.77,10.98,2.01,1.31,2304535.0,2025-08-28 22:46:50,107
JPM,JPM,Unknown,301.07,3.32,1.0,2.866,0.48,14.43,3.32,0.99,7101540.0,2025-08-28 22:46:05,108
RIVN,RIVN,Unknown,13.64,-0.75,0.65,2.81,4.68,-9.1,-0.75,2.83,44348695.0,2025-08-28 22:47:19,109
CDNS,CDNS,Unknown,354.29,3.19,0.767,2.757,-4.51,24.53,3.19,2.24,1433285.0,2025-08-28 22:46:38,110
HAL,HAL,Unknown,22.63,1.53,0.7,2.743,1.03,13.64,1.53,1.79,10869325.0,2025-08-28 22:47:36,111
PEP,PEP,Unknown,146.98,2.08,0.533,2.733,2.88,12.64,2.08,1.35,7700670.0,2025-08-28 22:46:15,112
MPC,MPC,Unknown,179.3,2.11,0.567,2.713,5.57,12.74,2.11,1.65,1843155.0,2025-08-28 22:47:38,113
WFC,WFC,Unknown,81.98,1.8,0.8,2.682,0.83,10.67,1.8,1.5,13624145.0,2025-08-28 22:46:51,114
VOO,VOO,Unknown,596.52,4.17,0.5,2.668,2.28,10.33,4.17,0.64,5822305.0,2025-08-28 22:48:03,115
NTES,NTES,Unknown,137.66,1.92,0.767,2.653,6.08,11.85,1.92,1.77,915560.0,2025-08-28 22:47:27,116
BLK,BLK,Unknown,1130.48,2.98,0.7,2.65,1.42,16.4,2.98,1.09,487835.0,2025-08-28 22:46:49,117
EOG,EOG,Unknown,124.34,2.34,0.7,2.602,2.56,14.1,2.34,1.16,2736875.0,2025-08-28 22:47:34,118
IBKR,IBKR,Unknown,62.78,2.44,0.633,2.6,-5.19,19.98,2.44,2.37,9581270.0,2025-08-28 22:49:21,119
VTI,VTI,Unknown,320.1,4.12,0.5,2.586,2.51,10.67,4.12,0.67,3771550.0,2025-08-28 22:48:03,120
VWO,VWO,Unknown,51.68,3.11,0.5,2.58,3.24,9.0,3.11,0.69,7247665.0,2025-08-28 22:48:05,121
VEA,VEA,Unknown,59.01,2.4,0.5,2.546,4.06,7.15,2.4,0.8,10137115.0,2025-08-28 22:48:04,122
BILI,BILI,Unknown,22.42,1.59,0.467,2.54,0.63,17.57,1.59,2.72,3144185.0,2025-08-28 22:47:28,123
STM,STM,Unknown,27.59,0.92,0.533,2.494,5.99,8.87,0.92,3.62,6371635.0,2025-08-28 22:48:35,124
SWKS,SWKS,Unknown,75.1,1.5,0.633,2.421,6.27,9.07,1.5,1.6,2588395.0,2025-08-28 22:48:25,125
INFO,INFO,Unknown,23.15,4.17,0.5,2.409,3.06,10.89,4.17,0.66,3390.0,2025-08-28 22:48:42,126
MTB,MTB,Unknown,200.8,1.95,0.6,2.352,4.83,10.57,1.95,1.33,881970.0,2025-08-28 22:48:49,127
GE,GE,Unknown,276.0,2.26,0.633,2.351,0.9,13.21,2.26,1.33,4053540.0,2025-08-28 22:46:43,128
NDAQ,NDAQ,Unknown,95.24,3.25,0.467,2.309,-0.78,14.58,3.25,1.27,2593780.0,2025-08-28 22:49:24,129
BIDU,BIDU,Unknown,90.97,1.01,0.567,2.291,5.85,7.8,1.01,1.97,4011135.0,2025-08-28 22:47:22,130
DDOG,DDOG,Unknown,140.96,1.82,0.533,2.266,-5.32,20.48,1.82,2.67,6099680.0,2025-08-28 22:47:11,131
RJF,RJF,Unknown,168.71,2.84,0.767,2.201,-0.44,14.58,2.84,1.39,857490.0,2025-08-28 22:49:17,132
PRU,PRU,Unknown,108.74,1.17,0.4,2.165,8.21,5.56,1.17,1.45,1660825.0,2025-08-28 22:48:57,133
SCHW,SCHW,Unknown,97.09,2.57,0.533,2.157,-1.22,10.94,2.57,1.25,7885875.0,2025-08-28 22:49:18,134
VZ,VZ,Unknown,43.93,0.81,0.533,2.154,3.12,3.02,0.81,1.06,15556190.0,2025-08-28 22:46:55,135
MET,MET,Unknown,80.8,0.73,0.7,2.112,8.86,3.24,0.73,1.56,3358315.0,2025-08-28 22:48:57,136
SPOT,SPOT,Unknown,687.8,0.92,0.567,2.059,5.74,8.03,0.92,3.26,1788820.0,2025-08-28 22:47:02,137
AFL,AFL,Unknown,106.1,0.92,0.5,2.044,8.2,3.76,0.92,1.2,2736395.0,2025-08-28 22:49:04,138
QCOM,QCOM,Unknown,160.8,1.41,0.767,2.035,1.09,9.05,1.41,1.99,7148630.0,2025-08-28 22:46:30,139
CMCSA,CMCSA,Unknown,33.57,-0.1,0.533,1.985,3.29,-1.17,-0.1,1.59,21454840.0,2025-08-28 22:46:35,140
NEE,NEE,Unknown,72.09,1.04,0.4,1.955,2.33,6.15,1.04,1.71,9219385.0,2025-08-28 22:46:21,141
PANW,PANW,Unknown,191.02,0.49,0.533,1.93,4.37,2.8,0.49,2.35,11146450.0,2025-08-28 22:46:37,142
MTDR,MTDR,Unknown,50.16,1.7,0.533,1.898,-1.44,14.65,1.7,1.95,1533000.0,2025-08-28 22:47:52,143
ZM,ZM,Unknown,80.83,0.29,0.867,1.882,8.88,1.11,0.29,2.88,3902635.0,2025-08-28 22:46:59,144
GLD,GLD,Unknown,315.03,0.92,0.5,1.867,4.68,3.08,0.92,0.86,8146225.0,2025-08-28 22:48:07,145
LCID,LCID,Unknown,2.07,-0.26,0.65,1.836,-17.2,-14.11,-0.26,3.83,79765610.0,2025-08-28 22:47:19,146
KLAC,KLAC,Unknown,894.0,1.97,0.767,1.825,-3.14,15.76,1.97,2.45,958580.0,2025-08-28 22:46:35,147
SPGI,SPGI,Unknown,547.55,1.69,0.467,1.746,3.62,6.69,1.69,1.18,1184195.0,2025-08-28 22:46:26,148
BABA,BABA,Unknown,119.57,0.59,0.633,1.739,1.87,3.76,0.59,2.01,11102155.0,2025-08-28 22:47:24,149
DHR,DHR,Unknown,205.29,1.29,0.567,1.556,0.64,7.95,1.29,1.92,3319190.0,2025-08-28 22:46:20,150
MCHP,MCHP,Unknown,65.25,1.44,0.65,1.527,-6.53,13.07,1.44,2.76,9548180.0,2025-08-28 22:48:24,151
BND,BND,Unknown,73.89,2.56,0.5,1.518,1.29,2.74,2.56,0.26,6304960.0,2025-08-28 22:48:06,152
MA,MA,Unknown,590.48,0.54,0.633,1.509,5.61,2.34,0.54,0.88,2572765.0,2025-08-28 22:46:08,153
NFLX,NFLX,Unknown,1231.45,0.75,0.633,1.5,3.99,3.93,0.75,1.73,2730605.0,2025-08-28 22:46:12,154
HIG,HIG,Unknown,132.22,0.5,0.7,1.438,6.09,1.92,0.5,1.11,1327785.0,2025-08-28 22:48:58,155
FANG,FANG,Unknown,149.17,1.24,0.467,1.433,-0.5,9.02,1.24,1.68,2050615.0,2025-08-28 22:47:45,156
ASML,ASML,Unknown,763.46,0.44,0.633,1.414,5.82,2.19,0.44,1.72,1273320.0,2025-08-28 22:48:31,157
ZS,ZS,Unknown,280.42,1.45,0.45,1.405,-2.54,11.67,1.45,1.7,1379645.0,2025-08-28 22:47:08,158
PFG,PFG,Unknown,80.22,0.71,0.567,1.382,4.74,3.13,0.71,1.48,1161780.0,2025-08-28 22:49:06,159
DIS,DIS,Unknown,117.64,1.27,0.467,1.361,-1.59,5.46,1.27,1.22,8595620.0,2025-08-28 22:46:09,160
TMF,TMF,Unknown,37.81,0.56,0.5,1.342,1.59,3.35,0.56,1.9,7619545.0,2025-08-28 22:48:12,161
ON,ON,Unknown,50.78,1.46,0.633,1.278,-12.52,18.26,1.46,3.96,9702235.0,2025-08-28 22:48:24,162
ASX,ASX,Unknown,9.97,1.2,0.567,1.269,-3.48,8.49,1.2,2.26,6570905.0,2025-08-28 22:48:38,163
COIN,COIN,Unknown,308.47,1.56,0.767,1.233,-18.28,23.96,1.56,3.96,11570455.0,2025-08-28 22:47:16,164
WMT,WMT,Unknown,96.11,-0.07,0.533,1.219,-1.29,-0.79,-0.07,1.36,19113640.0,2025-08-28 22:46:19,165
BMY,BMY,Unknown,46.88,0.02,0.633,1.129,1.96,-0.74,0.02,1.85,10735315.0,2025-08-28 22:46:28,166
BRK-B,BRK-B,Unknown,499.86,-0.29,0.633,1.128,5.01,-1.25,-0.29,0.96,4993975.0,2025-08-28 22:46:02,167
MCO,MCO,Unknown,509.43,1.38,0.7,1.053,-0.44,5.96,1.38,1.16,614185.0,2025-08-28 22:48:38,168
USO,USO,Unknown,75.24,1.48,0.5,1.022,-7.16,11.98,1.48,1.53,4742960.0,2025-08-28 22:48:09,169
ALL,ALL,Unknown,203.76,-0.03,0.533,1.004,5.97,-0.98,-0.03,1.69,1292840.0,2025-08-28 22:49:00,170
AIG,AIG,Unknown,81.6,-0.29,0.4,0.968,5.41,-1.87,-0.29,1.19,3797360.0,2025-08-28 22:48:56,171
ABT,ABT,Unknown,131.37,0.01,0.7,0.863,2.19,-0.67,0.01,1.08,5397455.0,2025-08-28 22:46:13,172
AKAM,AKAM,Unknown,78.39,0.6,0.633,0.861,0.42,3.02,0.6,1.91,2326250.0,2025-08-28 22:48:17,173
PYPL,PYPL,Unknown,70.06,0.02,0.633,0.842,0.5,-1.23,0.02,2.23,9737905.0,2025-08-28 22:46:10,174
CTRA,CTRA,Unknown,24.38,0.04,0.567,0.818,1.29,-0.51,0.04,1.6,6372900.0,2025-08-28 22:47:46,175
BKNG,BKNG,Unknown,5651.99,0.69,0.6,0.791,0.7,2.9,0.69,1.17,179930.0,2025-08-28 22:46:33,176
TRV,TRV,Unknown,270.28,-0.11,0.533,0.772,4.39,-1.1,-0.11,1.14,1184930.0,2025-08-28 22:48:59,177
VRSN,VRSN,Unknown,272.0,0.35,0.3,0.769,2.17,1.53,0.35,2.45,876825.0,2025-08-28 22:48:16,178
GILD,GILD,Unknown,112.56,0.42,0.633,0.673,-1.92,2.02,0.42,2.05,6327120.0,2025-08-28 22:46:28,179
REGN,REGN,Unknown,579.61,-0.11,0.767,0.521,4.67,-4.11,-0.11,1.78,1042255.0,2025-08-28 22:46:34,180
KO,KO,Unknown,68.36,-1.01,0.633,0.488,-0.57,-3.7,-1.01,0.93,12835985.0,2025-08-28 22:46:14,181
CBOE,CBOE,Unknown,235.26,0.87,0.7,0.486,-2.66,3.82,0.87,1.4,932425.0,2025-08-28 22:49:22,182
AMTD,AMTD,Unknown,1.04,0.1,0.533,0.473,2.97,-2.07,0.1,3.37,34345.0,2025-08-28 22:49:20,183
LLY,LLY,Unknown,731.96,0.36,0.633,0.453,-3.49,1.52,0.36,3.48,6894040.0,2025-08-28 22:46:22,184
UNP,UNP,Unknown,222.35,0.21,0.533,0.412,-1.3,0.53,0.21,1.47,4072290.0,2025-08-28 22:46:25,185
HON,HON,Unknown,221.35,-0.16,0.633,0.32,0.15,-1.19,-0.16,1.45,3115220.0,2025-08-28 22:46:24,186
V,V,Unknown,349.86,-0.53,0.633,0.231,-0.12,-3.29,-0.53,0.98,6105975.0,2025-08-28 22:46:06,187
UUP,UUP,Unknown,27.39,-0.11,0.5,0.015,-1.62,-0.25,-0.11,0.52,997650.0,2025-08-28 22:48:11,188
PG,PG,Unknown,155.65,-1.86,0.533,-0.101,1.81,-7.03,-1.86,0.96,6701715.0,2025-08-28 22:46:06,189
EQT,EQT,Unknown,52.36,-0.39,0.4,-0.126,-1.57,-5.15,-0.39,2.59,6569925.0,2025-08-28 22:47:47,190
ESTC,ESTC,Unknown,87.79,-0.2,0.55,-0.182,-0.23,-4.61,-0.2,2.78,1958555.0,2025-08-28 22:47:13,191
COST,COST,Unknown,944.96,-1.31,0.633,-0.189,2.02,-6.19,-1.31,1.05,2307490.0,2025-08-28 22:46:17,192
ICE,ICE,Unknown,177.14,-0.1,0.567,-0.228,-4.63,-0.51,-0.1,0.92,3016270.0,2025-08-28 22:46:57,193
CB,CB,Unknown,273.25,-1.6,0.467,-0.253,2.53,-6.79,-1.6,1.0,1656600.0,2025-08-28 22:49:03,194
CRM,CRM,Unknown,254.53,-0.62,0.567,-0.281,-3.88,-4.49,-0.62,1.71,8242250.0,2025-08-28 22:46:11,195
TBT,TBT,Unknown,35.77,-0.39,0.5,-0.325,-1.51,-2.78,-0.39,1.31,413575.0,2025-08-28 22:48:11,196
DE,DE,Unknown,491.44,-0.21,0.767,-0.328,-3.24,-2.08,-0.21,1.93,1456335.0,2025-08-28 22:46:45,197
AMAT,AMAT,Unknown,165.27,0.6,0.767,-0.375,-12.49,3.93,0.6,3.03,8236955.0,2025-08-28 22:46:31,198
CRWD,CRWD,Unknown,442.0,-0.29,0.55,-0.567,-4.57,-3.66,-0.29,1.97,3336875.0,2025-08-28 22:47:07,199
JD,JD,Unknown,30.39,-1.0,0.567,-0.582,-4.28,-7.74,-1.0,1.69,10273680.0,2025-08-28 22:47:23,200
SNAP,SNAP,Unknown,7.1,-0.84,0.65,-0.646,-23.82,-14.25,-0.84,3.82,58288695.0,2025-08-28 22:47:04,201
IBM,IBM,Unknown,245.73,-0.61,0.533,-0.647,-4.94,-4.37,-0.61,1.84,5099060.0,2025-08-28 22:46:42,202
GPOR,GPOR,Unknown,176.54,-0.88,0.3,-0.65,1.25,-9.1,-0.88,2.44,251750.0,2025-08-28 22:47:54,203
PGR,PGR,Unknown,246.11,-2.06,0.533,-0.781,1.82,-11.21,-2.06,1.2,2845575.0,2025-08-28 22:49:02,204
CNX,CNX,Unknown,29.25,-0.78,0.3,-0.855,-2.86,-6.61,-0.78,1.75,1654755.0,2025-08-28 22:47:51,205
CME,CME,Unknown,266.77,-1.41,0.567,-1.013,-3.95,-6.25,-1.41,1.13,1931700.0,2025-08-28 22:46:56,206
UMC,UMC,Unknown,6.69,-1.2,0.633,-1.028,-5.77,-7.62,-1.2,1.2,6759165.0,2025-08-28 22:48:37,207
CHKP,CHKP,Unknown,191.26,-1.5,0.8,-1.084,2.46,-14.76,-1.5,3.01,963705.0,2025-08-28 22:48:16,208
MDLZ,MDLZ,Unknown,61.28,-1.5,0.467,-1.193,-5.87,-8.54,-1.5,1.51,7301670.0,2025-08-28 22:46:32,209
DOCU,DOCU,Unknown,75.51,-0.69,0.533,-1.355,-3.14,-11.9,-0.69,2.49,2302620.0,2025-08-28 22:47:10,210
PATH,PATH,Unknown,11.26,-1.46,0.65,-1.482,-6.24,-12.98,-1.46,2.12,10098920.0,2025-08-28 22:47:14,211
LPLA,LPLA,Unknown,364.83,-0.64,0.767,-1.517,-8.49,-5.71,-0.64,2.1,821880.0,2025-08-28 22:49:16,212
ADBE,ADBE,Unknown,353.96,-2.17,0.533,-1.682,-2.76,-14.37,-2.17,1.6,3665965.0,2025-08-28 22:46:10,213
UNM,UNM,Unknown,69.32,-1.79,0.7,-1.744,-2.52,-14.33,-1.79,2.52,1294725.0,2025-08-28 22:49:05,214
RRC,RRC,Unknown,34.44,-1.45,0.467,-1.879,-6.13,-11.97,-1.45,1.97,2368990.0,2025-08-28 22:47:48,215
OKTA,OKTA,Unknown,92.59,-1.7,0.4,-2.082,-7.2,-13.17,-1.7,2.19,4158960.0,2025-08-28 22:47:09,216
AR,AR,Unknown,32.14,-1.69,0.4,-2.151,-4.97,-17.25,-1.69,2.73,4658410.0,2025-08-28 22:47:50,217
VRSK,VRSK,Unknown,266.19,-2.96,0.7,-2.157,-3.37,-15.19,-2.96,1.55,1116660.0,2025-08-28 22:48:41,218
ISRG,ISRG,Unknown,473.84,-2.82,1.0,-2.213,-5.33,-14.74,-2.82,1.27,1935335.0,2025-08-28 22:46:27,219
UNG,UNG,Unknown,12.57,-1.77,0.5,-2.458,-5.84,-21.39,-1.77,2.85,8625970.0,2025-08-28 22:48:10,220
TEAM,TEAM,Unknown,176.78,-1.06,0.45,-2.465,-10.35,-13.31,-1.06,2.74,3086305.0,2025-08-28 22:47:09,221
ACN,ACN,Unknown,256.17,-2.84,0.633,-2.704,-6.51,-18.97,-2.84,1.77,4719470.0,2025-08-28 22:46:19,222
MORN,MORN,Unknown,261.26,-3.36,0.633,-2.93,-8.08,-15.3,-3.36,1.32,357045.0,2025-08-28 22:48:40,223
LI,LI,Unknown,23.26,-1.51,0.633,-3.081,-12.06,-18.36,-1.51,2.91,5878225.0,2025-08-28 22:47:21,224
VRTX,VRTX,Unknown,392.05,-0.84,0.767,-3.14,-16.44,-12.31,-0.84,4.15,2585315.0,2025-08-28 22:46:36,225
MKTX,MKTX,Unknown,182.55,-2.02,0.767,-3.188,-12.75,-14.38,-2.02,2.19,690855.0,2025-08-28 22:49:22,226
TW,TW,Unknown,124.06,-1.86,0.8,-3.323,-15.1,-13.42,-1.86,1.9,1201950.0,2025-08-28 22:48:41,227
FDS,FDS,Unknown,375.77,-3.83,0.633,-3.391,-8.16,-19.1,-3.83,1.46,435960.0,2025-08-28 22:48:39,228
STI,STI,Unknown,3.12,0.05,0.3,-3.521,-21.21,-8.24,0.05,5.42,28075.0,2025-08-28 22:48:51,229
FTNT,FTNT,Unknown,79.29,-1.54,0.633,-4.433,-22.04,-22.3,-1.54,4.49,11637830.0,2025-08-28 22:48:15,230
CRK,CRK,Unknown,16.35,-2.15,0.3,-5.898,-21.36,-30.37,-2.15,3.84,2457570.0,2025-08-28 22:47:53,231
